District,Soil Type,pH Level,Organic Matter (%),Nitrogen Content (kg/ha),Phosphorus Content (kg/ha),Potassium Content (kg/ha)
Jaipur,Chalky (Calcareous),6.546096221,1.569807495,27.93197233,29.43843829,42.78276562
Bhilwara,Nitrogenous,6.832259215,2.243018145,22.26348006,25.41345527,37.64437674
Jodhpur,Sandy,7.453181906,2.662898324,23.56418216,13.01440907,37.08200337
Jaipur,Clay,8.019189426,1.240326962,15.83922201,17.74420571,42.758704
Jaipur,Sandy,8.100130875,1.768419319,27.94286696,25.76950367,30.6512915
Jodhpur,Chalky (Calcareous),7.305739612,2.095211945,32.24609361,17.45096653,40.17220506
Hanumangarh,Sandy,6.255836323,1.670875794,32.26754356,15.08852983,40.29492111
Alwar,Clay,7.72343625,1.8287254,30.85231885,15.18633717,38.9669436
Bhilwara,Nitrogenous,7.805108085,2.07848648,27.06734365,21.12108202,43.57304895
Udaipur,Black lava soil,6.475029361,2.579537032,28.31872631,22.12744967,45.98623462
Udaipur,Loamy,6.814163151,1.645279499,28.55725652,16.08123239,48.67468288
Udaipur,Loamy,7.071613953,1.72222661,31.02194516,13.98925237,38.02159644
Ajmer,Loamy,7.658726631,1.833569798,29.53306571,17.35333944,32.42764845
Alwar,Black lava soil,7.660796606,2.877466536,30.09200815,21.12632059,43.46361378
Nagaur,Sandy,6.865334752,2.851257329,31.01164398,28.1592845,36.33483502
Udaipur,Loamy,8.409030961,2.387577747,32.76520043,21.17012227,38.75735691
Jodhpur,Sandy,8.100265829,2.070179935,20.16465148,14.41406769,39.07077124
Bhilwara,Black lava soil,7.654999492,1.971705756,36.09485395,10.24449068,40.71793968
Kota,Sandy,6.591010387,2.379856148,29.52770643,22.09804986,35.6805852
Nagaur,Saline,8.139732466,2.520862332,32.91772152,19.35241377,42.89928643
Hanumangarh,Clay,7.146553716,2.42777783,38.24740447,25.3530528,36.35198765
Ajmer,Loamy,7.680708659,1.353429228,32.86195156,22.25301706,30.6509183
Bhilwara,Nitrogenous,6.919108078,1.858430552,28.49570126,13.95261532,41.94489365
Hanumangarh,Black lava soil,7.625736804,1.902865434,26.2210425,25.24353563,48.27703557
Ajmer,Sandy,7.258219258,1.693916541,32.45603833,18.2098531,39.303014
Udaipur,Sandy,7.869826576,1.045321956,36.59151162,20.36340262,37.94253428
Udaipur,Sandy,7.455382923,1.981214678,21.34399348,27.47469114,40.20662816
Udaipur,Nitrogenous,7.721501065,2.475774885,24.89418771,22.3673595,38.66179455
Ajmer,Nitrogenous,7.923385388,0.9363862898,29.5045285,16.98589672,42.16131475
Alwar,Saline,7.735022094,1.646187053,26.43913068,19.44667316,35.51678886
Udaipur,Black lava soil,7.920991848,1.8153964,15.4650589,18.12588972,34.8072809
Bhilwara,Saline,6.684362092,1.381286681,30.54704236,26.64320414,41.56592237
Alwar,Clay,7.196748306,2.227952098,27.70454845,16.52699815,34.22818666
Nagaur,Chalky (Calcareous),6.624085597,1.805038147,30.79026745,19.51688165,37.92016536
Kota,Sandy,7.02712697,2.304123096,23.4143404,23.88013957,34.98891491
Kota,Nitrogenous,7.123782381,1.266607405,27.49298927,24.87656229,42.57814044
Jodhpur,Clay,7.989211056,2.261071273,24.48165086,18.34605388,36.09900435
Hanumangarh,Nitrogenous,8.165287452,1.401605677,34.46848845,24.46476935,49.14810101
Kota,Nitrogenous,7.295156704,2.35616108,41.40825918,16.91179162,32.32479876
Jodhpur,Nitrogenous,6.559994983,2.356356014,20.58424896,18.13840474,42.18656594
Hanumangarh,Chalky (Calcareous),7.592587768,2.212722432,31.11144928,26.39432907,35.2384181
Ajmer,Chalky (Calcareous),7.161502431,1.613670277,34.15095906,24.50199294,42.2561266
Kota,Saline,8.091746833,1.410979566,38.33612056,27.61619311,43.67810999
Jodhpur,Black lava soil,8.390899454,1.171688396,27.37775932,16.3234827,43.60739662
Jaipur,Alkaline,6.97492963,2.378747575,36.85268072,23.4760145,41.41875512
Udaipur,Black lava soil,7.00606333,1.576574517,36.24809453,23.89674502,39.8049024
Sri Ganganagar,Chalky (Calcareous),7.291045227,0.9870960634,24.64573791,29.55709544,33.59772214
Sri Ganganagar,Nitrogenous,7.594739911,2.503721987,23.72538666,20.92355237,44.68957769
Jodhpur,Alkaline,7.506249661,3.434201528,21.65700371,25.29364265,39.13599131
Hanumangarh,Nitrogenous,7.885960077,2.220653576,26.33421901,21.14498196,30.71049274
Jodhpur,Loamy,7.80162375,2.149079233,33.19330084,25.29059163,41.8380992
Ajmer,Saline,7.57404471,1.559465832,26.43889618,25.9336731,47.18167703
Udaipur,Black lava soil,7.380944782,2.023001374,25.47692813,25.86378423,43.32708412
Alwar,Black lava soil,8.470608718,1.560838461,28.1099605,21.15722961,43.23244769
Ajmer,Chalky (Calcareous),7.392166181,1.563519455,34.40703764,23.60567681,35.4186295
Sri Ganganagar,Saline,8.177721401,2.585099355,30.67148249,20.39798931,42.77028886
Sri Ganganagar,Saline,7.069148465,2.01501574,19.23808228,24.38227823,32.19253389
Jodhpur,Saline,8.251709914,1.834939953,28.94166509,16.86133047,38.55980563
Udaipur,Chalky (Calcareous),8.209265673,0.7560956717,36.38482693,21.69011741,33.96489176
Jodhpur,Loamy,6.962343803,2.838196514,25.2724656,14.23324745,45.68657271
Kota,Loamy,7.669276438,1.531037212,31.08312488,14.87123658,45.50410699
Alwar,Sandy,8.030685482,2.266003099,31.80830531,28.80594062,39.99843164
Sri Ganganagar,Sandy,6.909062937,2.224736956,40.43023525,14.92620253,38.19268617
Nagaur,Chalky (Calcareous),7.708223019,1.973047575,25.0884821,25.60928928,51.60020361
Alwar,Black lava soil,7.59806573,1.547965855,22.25519737,21.28987991,45.51938672
Udaipur,Loamy,7.737583873,1.99879808,27.05364174,14.53918184,44.17375663
Kota,Chalky (Calcareous),7.956885811,1.227135107,37.94919489,22.8703561,46.99797323
Jodhpur,Black lava soil,6.828936126,1.317087922,29.25515345,22.51392213,48.98180411
Jaipur,Nitrogenous,7.853039457,1.878659362,24.86815396,26.15000286,35.17647287
Udaipur,Alkaline,8.314234277,1.857807675,37.95291036,23.39465645,39.31502255
Sri Ganganagar,Chalky (Calcareous),7.240301814,1.829546061,32.14158346,20.38578248,37.03094296
Bhilwara,Nitrogenous,7.417184295,2.039288515,19.35632953,22.29084057,35.10139388
Kota,Clay,6.923333798,1.156327826,21.03053751,13.22276248,36.45489521
Kota,Sandy,8.476629569,1.737060162,30.88875053,22.00240693,40.65532593
Nagaur,Loamy,7.46127827,1.402353118,37.25463774,29.03598322,31.58670653
Sri Ganganagar,Saline,6.987985705,1.860094829,25.17731103,22.52982777,36.35863899
Sri Ganganagar,Nitrogenous,8.582528034,2.595274297,31.06287015,25.13493132,45.52950212
Ajmer,Nitrogenous,7.218026256,1.591891378,30.39071531,24.30818062,40.69530199
Sri Ganganagar,Black lava soil,6.711501759,1.598587778,29.63013568,19.62167198,49.86271088
Jaipur,Loamy,6.807006029,2.252794621,37.44556554,31.35724873,37.97801288
Kota,Chalky (Calcareous),7.745714726,2.284880179,30.97740866,19.50577399,42.17987695
Ajmer,Sandy,6.233876957,2.341034745,30.63088952,18.88762552,50.23431098
Kota,Nitrogenous,7.162532991,1.798462005,39.95776651,15.83969348,37.24942359
Alwar,Clay,7.426487288,2.420367241,31.03901254,13.53687326,37.33915718
Kota,Sandy,7.196322783,1.961389477,32.12921829,22.09102878,31.11994123
Hanumangarh,Black lava soil,8.031970494,2.126284423,36.92266024,22.22099164,45.50661479
Udaipur,Black lava soil,7.733272656,2.673112878,32.61125318,19.51042377,51.3621736
Bhilwara,Loamy,7.944518561,2.286872211,23.61847792,13.55846191,41.46357741
Alwar,Black lava soil,7.572760599,1.692938717,30.7049135,27.94313464,43.47701237
Jodhpur,Clay,6.929495745,1.944245586,25.9751676,18.06150042,37.93192167
Sri Ganganagar,Chalky (Calcareous),7.261177209,1.372432314,29.36172659,17.19696182,25.35275655
Hanumangarh,Black lava soil,8.526486012,2.544384827,28.11849638,20.09409525,34.14172826
Jodhpur,Alkaline,8.347861439,2.948644347,30.78346864,25.11765322,40.87643389
Udaipur,Sandy,6.831637281,1.794088316,30.65963983,17.72726141,38.90673361
Sri Ganganagar,Nitrogenous,7.454300221,1.959560751,30.26129245,14.69697467,36.41491925
Kota,Alkaline,6.857707867,2.488907775,19.47176529,25.76795172,46.93174699
Bhilwara,Nitrogenous,7.348909707,0.6984314561,28.19344719,19.67907919,34.9470089
Sri Ganganagar,Alkaline,7.242390803,2.765097599,33.32463581,15.37717943,32.01200415
Ajmer,Chalky (Calcareous),7.336491341,1.89327161,32.48099594,17.32341644,42.55749788
Ajmer,Sandy,8.46757702,2.407750511,29.75955746,19.08424764,38.21663433
Udaipur,Saline,8.090320456,1.686343277,30.22611354,20.25598951,37.49107904
Kota,Black lava soil,6.813767226,2.161487252,29.69498014,22.50120235,37.33199847
Alwar,Alkaline,8.110410649,1.561613109,38.56020142,11.26181745,42.17385032
Jaipur,Saline,7.737715341,1.602221466,32.12196969,26.39759335,28.9159058
Udaipur,Nitrogenous,7.751372404,0.7533645898,25.17167598,28.14583182,37.09108983
Kota,Sandy,6.913060018,1.901031136,40.33953169,10.84158876,34.74345044
Jodhpur,Loamy,8.248715842,2.928851172,29.48284388,13.80473649,50.47921751
Nagaur,Black lava soil,8.297221196,2.339473494,25.93798826,19.7548533,39.19819959
Kota,Black lava soil,7.665425652,2.725500719,34.39708521,14.61311962,46.88248225
Ajmer,Sandy,7.65656607,2.343532898,37.3327043,14.44209875,39.82087211
Jodhpur,Chalky (Calcareous),7.234272724,1.216070287,31.73354989,32.55778276,30.79961128
Alwar,Nitrogenous,7.483859694,2.320271468,30.61539101,19.43435974,33.50391818
Sri Ganganagar,Alkaline,7.616393371,1.621618011,19.05039148,25.9729611,44.7919291
Alwar,Saline,7.525830488,2.114537344,35.37159006,21.12169828,44.52008777
Bhilwara,Black lava soil,7.3512589,2.655991869,31.60392863,20.97025972,33.64969456
Sri Ganganagar,Nitrogenous,7.643477927,1.584022541,26.80858637,15.92312186,34.66882534
Udaipur,Sandy,8.562385702,2.665669531,39.60183751,13.8855249,40.35626875
Jodhpur,Saline,6.853246187,1.652152561,25.40936508,26.19792003,38.01885161
Jodhpur,Saline,8.034189667,2.302060445,41.51819376,12.60277888,46.2961662
Bhilwara,Chalky (Calcareous),8.073220435,1.513310581,35.03566668,21.68072482,38.8626187
Jaipur,Nitrogenous,7.088032257,1.640445274,40.24906048,20.00341409,43.91065001
Sri Ganganagar,Saline,7.104550309,1.610073527,35.40992405,13.25211894,37.92393116
Nagaur,Alkaline,7.517013706,2.055686301,29.10453357,21.97909891,43.46427878
Alwar,Nitrogenous,7.867318773,1.507098096,28.57922451,25.97381431,44.47323594
Alwar,Clay,6.813570274,2.17573995,20.10887375,20.23467451,49.48883508
Nagaur,Alkaline,7.026053641,1.582838477,33.82014891,12.28599242,36.83622485
Jodhpur,Loamy,7.798220569,1.682857076,28.82015006,23.72092855,42.10773042
Jodhpur,Alkaline,7.633409198,1.83043886,31.85030558,19.3813366,42.28902805
Alwar,Sandy,7.251533987,1.908715513,25.05021104,19.82496195,35.94499568
Alwar,Nitrogenous,6.942976775,2.129330574,31.06369888,23.91436867,37.84437215
Jodhpur,Saline,7.704026423,2.275398786,32.22386904,15.87173159,40.74681741
Ajmer,Saline,7.682070148,2.003589233,19.56761171,20.80244812,51.0626552
Kota,Alkaline,7.319980366,1.635961451,31.8667428,21.56189105,45.96367583
Jaipur,Nitrogenous,6.871065922,2.365690126,32.95211031,19.28926732,41.69343659
Udaipur,Saline,8.014728741,2.43615769,24.28490344,24.10079093,39.67655697
Jaipur,Alkaline,7.536437049,2.036598496,29.24878506,25.95853749,39.5814102
Nagaur,Chalky (Calcareous),6.940226936,1.803235072,30.89347358,26.14607392,43.01547342
Kota,Saline,7.074732361,3.242594958,31.32387655,26.37695369,39.24142783
Hanumangarh,Clay,7.766679622,2.419734252,36.09097356,25.28684153,44.360985
Jaipur,Saline,7.342456634,1.714126979,31.66303755,24.66564036,38.8863965
Jodhpur,Clay,8.032585983,2.726308373,25.4183954,15.81539648,39.29812471
Udaipur,Alkaline,7.653806334,1.737716493,36.76101339,22.12033431,40.19723524
Alwar,Sandy,6.782045238,1.342092092,31.40504625,9.337021869,45.06318705
Ajmer,Clay,7.420923078,3.621546485,41.53958125,19.09275465,39.46831499
Jaipur,Clay,7.997790757,2.851586305,21.80985471,11.06812267,36.88982597
Hanumangarh,Nitrogenous,7.791368792,2.248436795,35.34885727,14.00151236,28.41928069
Kota,Nitrogenous,7.929007098,1.585901864,19.90756068,20.72531873,43.96587844
Udaipur,Loamy,7.438971434,1.771075807,29.20318884,18.14708619,33.25976444
Nagaur,Chalky (Calcareous),7.142659662,2.260639953,31.60839271,20.84029903,35.02425759
Jodhpur,Sandy,7.409248419,0.9114674768,30.89238332,27.14428854,32.62933934
Ajmer,Sandy,7.207036163,2.164553389,36.26421317,17.75887692,36.53874835
Ajmer,Alkaline,6.515538429,2.051719065,40.2103802,21.38679231,39.8886051
Sri Ganganagar,Chalky (Calcareous),7.661041155,1.994453998,25.93492814,24.11639958,41.12880762
Kota,Chalky (Calcareous),7.508806626,1.512316986,36.51753966,23.32351373,37.23539581
Nagaur,Loamy,8.000912427,1.751214581,26.08998254,16.20148441,31.14465723
Sri Ganganagar,Alkaline,7.73577119,1.084427561,23.85778084,9.622059955,39.56965154
Nagaur,Black lava soil,7.42483977,1.836651893,24.78711153,14.13883123,42.32184932
Jodhpur,Clay,7.224724034,2.158179161,25.57375657,20.90531371,46.51639019
Sri Ganganagar,Black lava soil,7.7930829,1.793793091,31.28599485,18.79667413,40.03940092
Kota,Black lava soil,7.337194474,1.917832397,31.06046677,15.0332065,34.92060587
Bhilwara,Saline,6.805728723,1.199864448,23.91358654,20.79731253,35.53606242
Sri Ganganagar,Black lava soil,7.756807232,2.017356874,20.15747893,23.27487792,44.05399323
Kota,Chalky (Calcareous),7.003068663,2.210095771,25.71750881,20.48835188,33.67750797
Jodhpur,Clay,6.603446774,1.808591405,29.38135527,18.01160153,34.07984721
Ajmer,Loamy,7.300050469,2.134647376,29.77553485,20.91250515,36.649424
Nagaur,Alkaline,8.085858957,1.411913332,32.43780149,25.90945546,42.40454046
Alwar,Alkaline,7.398737886,1.735851477,35.18043826,12.88512537,35.1493787
Udaipur,Black lava soil,7.301221117,2.618826879,31.89883818,15.15977121,38.44846147
Alwar,Sandy,7.192838428,1.645105504,34.89444779,13.14128435,48.04390428
Nagaur,Chalky (Calcareous),7.914114845,2.545430835,27.68530244,19.2502964,32.83424093
Jodhpur,Clay,7.237668796,2.246827424,36.48031531,14.46421592,38.17247032
Jodhpur,Saline,7.42435039,1.302105399,32.95674621,16.38004834,39.02304824
Hanumangarh,Black lava soil,7.274025314,1.605330747,29.96477507,18.92195211,38.14071059
Jodhpur,Loamy,7.135769189,2.159762335,38.26808634,20.69943616,44.98059107
Jodhpur,Loamy,6.804889037,2.07888072,24.51315841,12.61537536,36.30314296
Udaipur,Clay,8.095949667,2.475007914,31.21502361,12.3364972,39.01859674
Kota,Chalky (Calcareous),7.650850004,2.087768115,20.78103208,15.54841076,39.67961118
Sri Ganganagar,Sandy,7.768145455,0.9019360895,29.18938012,20.71524385,44.24805994
Jodhpur,Black lava soil,7.846428792,2.291285659,26.00029747,10.45998931,38.03473621
Ajmer,Black lava soil,8.000815913,2.696727264,33.55274551,22.14670411,41.89819824
Jodhpur,Saline,7.221940627,1.934969853,38.34534763,15.28720997,48.07389395
Kota,Clay,7.338985923,2.662716055,22.96592495,22.92952101,36.31614932
Nagaur,Nitrogenous,6.792366404,2.109267021,35.04735894,15.77529281,32.5049202
Jodhpur,Loamy,7.454077618,1.956282336,32.74159814,24.74797286,39.70292409
Nagaur,Clay,8.427751657,2.112117372,28.26786747,11.9421632,38.6867024
Hanumangarh,Clay,7.331806527,2.480152398,32.31241812,14.10315439,40.86127193
Nagaur,Saline,7.835765586,2.76401568,34.43751984,23.80423327,40.30042997
Jaipur,Alkaline,7.694156003,2.62475245,23.33611301,18.25280336,36.13715626
Udaipur,Black lava soil,7.689576559,2.615111088,27.01512857,8.048478163,37.93889627
Kota,Loamy,7.956736866,2.268814951,32.14093124,18.60003349,33.60484632
Hanumangarh,Black lava soil,7.757647161,1.582859095,40.92048367,22.85253604,37.09675849
Bhilwara,Alkaline,7.194307376,1.953527897,28.80249039,25.58416888,40.93208085
Sri Ganganagar,Sandy,7.134184131,2.945220343,30.24654166,23.84419838,36.95886746
Hanumangarh,Alkaline,7.681557814,2.155554996,20.55175354,30.07637555,46.4532223
Kota,Alkaline,7.301402342,1.44886513,31.73780807,20.4334885,41.77834474
Alwar,Clay,7.595788698,2.253120495,37.2365285,22.84051603,34.75172251
Jaipur,Loamy,8.181281426,2.820307282,45.76028367,14.38252983,41.21441007
Ajmer,Black lava soil,6.458950648,2.276574578,27.25899851,29.61722897,36.12692515
Bhilwara,Alkaline,6.655408481,1.76436813,20.12256114,23.75549727,29.67458477
Bhilwara,Loamy,7.514228791,0.9610940901,28.39851098,28.21689078,41.80323946
Bhilwara,Clay,7.068253198,1.984398256,30.09008436,22.36315173,33.16570818
Sri Ganganagar,Black lava soil,7.796283637,0.6478041842,26.85057724,17.55863079,43.16663413
Hanumangarh,Chalky (Calcareous),7.511315426,1.297218473,25.07503437,20.99340005,39.60466329
Sri Ganganagar,Saline,7.210437945,1.759583105,33.48083999,17.41153714,39.55954378
Sri Ganganagar,Black lava soil,8.584968294,1.288158682,20.74078634,23.91794832,36.60678469
Udaipur,Saline,7.340881236,1.609421811,28.7009993,27.99269056,44.01064229
Jodhpur,Saline,7.931111756,1.291886472,24.24423132,5.804606703,35.95309589
Ajmer,Saline,7.978351593,2.258473258,28.89243369,19.88849858,36.55557229
Kota,Sandy,7.602379441,2.38293914,21.92056606,21.49823844,44.66217435
Jodhpur,Clay,7.292449856,2.350350306,44.07327222,19.47828604,41.96653525
Hanumangarh,Nitrogenous,7.130971458,2.090625581,32.30135812,20.9742117,34.9015234
Jaipur,Black lava soil,7.603180886,2.731097969,32.24317882,24.80993595,38.81494015
Hanumangarh,Alkaline,7.87495012,2.139633919,25.24544635,21.59260502,35.04151668
Bhilwara,Nitrogenous,7.183559863,2.094664154,31.48622137,14.05383767,45.26992886
Hanumangarh,Saline,7.786003139,1.647635782,22.31207602,19.2754771,37.77028143
Alwar,Sandy,7.556570229,1.818441669,19.9627157,18.05826531,38.47190444
Nagaur,Chalky (Calcareous),7.816830512,1.650900163,38.39337337,10.44179725,46.55583749
Jaipur,Black lava soil,7.387840515,2.429792436,30.39900742,25.69777768,38.06319018
Hanumangarh,Loamy,6.950689787,2.710252144,29.43259677,21.10779237,46.17375957
Ajmer,Sandy,6.984022379,2.297745449,27.05052622,19.33915322,40.36139483
Nagaur,Nitrogenous,6.749889069,1.610581479,36.75536446,24.43095594,39.68680211
Kota,Chalky (Calcareous),7.621561729,1.852878747,36.78291693,18.99823711,41.15921046
Kota,Saline,8.073015072,1.611314258,37.79394592,12.34769295,48.14821066
Udaipur,Alkaline,7.313662208,1.878650626,20.54994914,17.72602641,34.80096734
Hanumangarh,Loamy,7.196176827,1.931344517,34.78895807,21.03801676,41.53838327
Jaipur,Black lava soil,6.952240306,1.559622955,38.99362509,16.32399483,48.28104126
Bhilwara,Black lava soil,7.378469401,2.001143968,35.3518258,26.35946211,39.4459372
Kota,Loamy,7.305878473,1.972039776,31.68978764,24.45651843,40.02114929
Jodhpur,Loamy,7.809443149,2.819179866,31.90654806,21.55826428,32.40544587
Ajmer,Saline,6.184634932,2.194187865,29.52587884,17.42608663,41.21765102
Sri Ganganagar,Clay,7.469798135,2.563890125,30.43055434,16.26538357,44.95083119
Bhilwara,Clay,7.391434463,2.263268342,27.61294647,16.75086557,40.42084115
Sri Ganganagar,Chalky (Calcareous),7.506414322,2.239913518,28.65677123,10.81820108,37.83613058
Jaipur,Black lava soil,7.896909234,1.85131196,28.76808299,24.93188253,36.44013386
Ajmer,Clay,6.728598391,1.91968444,27.57913024,15.1687684,39.12310772
Hanumangarh,Sandy,7.745752824,1.995355719,31.53490536,29.06703849,38.28560569
Bhilwara,Nitrogenous,7.639174317,1.745393319,25.7682014,17.07546173,37.60620714
Jaipur,Loamy,7.679737899,3.174537893,26.41978282,17.91687347,39.68438493
Jaipur,Nitrogenous,7.697899424,2.131775406,36.42047897,7.868039647,28.06535065
Udaipur,Clay,7.252060914,2.548650094,22.17175984,4.961838302,42.85589703
Udaipur,Saline,7.621828612,1.454895797,25.072302,15.1512814,40.55267659
Jaipur,Loamy,7.186842362,2.247031959,15.72686669,15.71574067,34.3697302
Kota,Black lava soil,7.371829661,1.730976121,33.9892189,10.70331614,40.22745738
Udaipur,Sandy,7.779168212,2.928323718,27.59117014,21.62229302,30.98068604
Jodhpur,Black lava soil,6.304021898,2.422387188,29.97219853,25.89256345,33.13298556
Bhilwara,Chalky (Calcareous),7.75995107,2.93440892,32.09852804,21.38290753,40.0427804
Jodhpur,Alkaline,6.714559271,2.677786468,26.9457118,22.52241628,32.18482847
Alwar,Saline,6.910270168,2.7175437,28.26348856,27.26637738,39.6088467
Bhilwara,Sandy,6.579051114,2.4460338,27.05053841,23.49344407,40.12605434
Kota,Clay,6.728440886,2.082147383,40.98111571,22.46493229,39.71241123
Ajmer,Nitrogenous,8.037671701,2.105334233,31.04767115,14.54187414,41.16924013
Alwar,Loamy,8.017721708,1.581968924,37.12247911,19.54146988,35.56115244
Sri Ganganagar,Loamy,7.998816038,1.856602882,33.79757444,18.54120684,39.70086928
Alwar,Alkaline,7.746780102,2.145448529,20.0223411,14.3937813,44.64704992
Hanumangarh,Clay,7.433931706,1.738134349,23.20712992,14.60131839,29.8910068
Jodhpur,Nitrogenous,7.449359641,1.70078121,25.16706055,19.65938287,41.81985315
Bhilwara,Alkaline,8.546598966,1.24405829,35.79690522,24.86550781,36.1045363
Kota,Loamy,7.601617977,1.771183375,30.9284429,27.54565507,43.02803116
Alwar,Sandy,7.754304187,1.78484534,22.57971668,18.95765895,46.03304077
Udaipur,Chalky (Calcareous),6.736416072,1.472455316,30.63133868,15.07672608,36.03738276
Jodhpur,Chalky (Calcareous),7.288200709,1.317191298,25.12939077,23.51713958,33.46315109
Sri Ganganagar,Sandy,6.701063933,1.68498751,33.65977751,19.01539096,37.67709461
Kota,Black lava soil,7.522179399,1.127146284,32.47352827,21.91717516,37.95345763
Alwar,Loamy,8.002962256,1.436251951,35.63954497,20.77246833,38.31723705
Jaipur,Alkaline,7.490063182,1.946367617,36.10141448,14.61660436,36.1874038
Ajmer,Nitrogenous,8.018151446,1.702232532,34.50266539,28.49717992,37.99102487
Sri Ganganagar,Saline,7.840681163,1.423153859,33.77366649,20.99711993,42.36519141
Alwar,Nitrogenous,7.177213964,1.169458292,32.51626032,9.682984238,38.41324754
Hanumangarh,Nitrogenous,7.970590933,2.095948868,39.74171322,25.12554576,36.73050806
Kota,Loamy,7.51365669,1.976314649,22.08911618,15.29800542,37.19619547
Alwar,Black lava soil,6.481889749,2.023746734,28.75464078,11.63553049,42.02106433
Kota,Saline,7.857936372,2.113517239,28.37965912,22.95721076,43.4011018
Jodhpur,Sandy,7.653701785,1.587693875,31.38300383,25.97740325,37.01685471
Kota,Alkaline,8.54896967,1.737184533,30.16203507,16.63757202,41.11635418
Udaipur,Sandy,6.628889154,1.726979101,24.539394,20.67669174,44.97223688
Ajmer,Sandy,7.823003094,0.8141703196,40.21034826,21.4763997,36.1175043
Udaipur,Black lava soil,7.578563959,2.088094911,26.66575642,20.98958334,36.96263856
Nagaur,Sandy,7.297819004,1.656860432,22.83664355,20.72918235,42.92649718
Alwar,Nitrogenous,7.757441798,2.409962626,31.62170105,17.33637251,44.19831932
Sri Ganganagar,Clay,6.82124123,1.549664309,25.17899964,25.4002803,44.71394257
Bhilwara,Saline,7.743652619,2.535964933,25.60358609,21.7429756,39.37412786
Alwar,Chalky (Calcareous),7.923441052,1.942387884,28.07528556,22.70454259,44.38084584
Nagaur,Alkaline,7.165827403,1.969462164,24.70779683,7.509694913,41.00229816
Hanumangarh,Alkaline,7.804452678,2.131033405,20.25219141,18.24575285,28.9082612
Ajmer,Clay,8.184850554,1.456972709,36.27701805,24.72934822,35.49704824
Jodhpur,Clay,6.933607524,2.175185108,25.77837981,20.51242321,37.58586205
Ajmer,Black lava soil,6.609420793,0.8847659904,31.13342124,17.19221127,37.23455092
Ajmer,Nitrogenous,7.84793192,2.586721138,28.63727639,18.29700647,42.50071517
Jodhpur,Alkaline,6.821532215,2.111576527,32.75942986,23.40115104,30.31623649
Ajmer,Alkaline,7.119322365,1.560868374,30.49943477,22.4037229,47.48355204
Ajmer,Saline,7.25251726,1.751213751,35.74836009,21.48288469,46.33825756
Kota,Black lava soil,7.644364002,1.421441691,23.33435823,12.24243875,43.31025917
Jaipur,Clay,8.094298412,2.924681071,34.21552666,25.81419289,37.09991834
Ajmer,Alkaline,6.921792092,2.425039666,32.08840376,20.53722187,41.9368574
Alwar,Sandy,7.661592741,2.64190843,36.47492792,22.72110176,44.22901436
Nagaur,Chalky (Calcareous),7.757031276,1.769415134,33.78282337,13.02752466,45.26945776
Jodhpur,Sandy,6.90273853,2.142901643,25.77423021,22.76694492,39.83037387
Alwar,Black lava soil,6.702622021,2.210349816,27.11039612,24.4057336,40.00662844
Hanumangarh,Clay,7.697710493,1.521215522,27.05333884,17.70680682,44.2835124
Ajmer,Chalky (Calcareous),8.338688544,1.597414124,35.38424072,9.151612911,34.02905299
Udaipur,Black lava soil,7.020610772,1.323745655,22.08205805,22.06499456,38.92966151
Bhilwara,Sandy,7.689702699,2.345236343,31.32808497,23.28881588,39.65233857
Hanumangarh,Black lava soil,6.906503306,2.52890709,27.05443934,15.32201851,39.11041062
Jaipur,Clay,7.04359454,1.791284809,31.72026961,21.7417087,35.51084967
Jodhpur,Clay,7.256147314,2.537166502,32.48200059,30.3753252,45.90064087
Udaipur,Clay,8.072146534,1.306065725,33.81930176,19.73446599,37.24509098
Udaipur,Black lava soil,7.58400767,2.472605767,32.50415796,15.60763099,43.71229457
Ajmer,Loamy,7.181206229,2.108341559,28.48324966,18.90566874,43.83121488
Jaipur,Alkaline,6.97990314,2.972597537,20.89456965,17.01166158,41.85105945
Jaipur,Sandy,7.792157083,1.94976214,29.71304648,22.05275043,38.84465261
Jaipur,Loamy,8.196590629,2.419674557,34.36412176,15.16921638,39.60305788
Ajmer,Clay,7.349767026,1.497199312,31.80082092,17.31177121,43.27701915
Bhilwara,Clay,6.964904219,2.859520306,25.51833671,21.09651169,43.95929655
Nagaur,Saline,7.214679785,2.426234322,23.85408201,27.2605885,40.07074632
Alwar,Alkaline,7.201794296,1.850409114,34.04459635,17.07772354,36.25321155
Sri Ganganagar,Nitrogenous,7.389231701,1.411518944,39.10271954,17.16802704,44.15808393
Udaipur,Loamy,7.604735042,1.507732975,29.97022645,23.9200139,39.05869332
Sri Ganganagar,Saline,8.096556473,2.510757696,34.59457427,17.70171614,34.60078776
Jodhpur,Sandy,7.193206197,2.09812047,32.72893357,9.142142976,39.95943399
Hanumangarh,Alkaline,7.579044613,1.861227872,36.4563692,22.10890037,46.55095954
Udaipur,Loamy,7.39201974,2.468738746,38.17533197,26.55846725,34.53929203
Udaipur,Loamy,7.373161961,1.827417647,32.44627268,23.43176778,35.80553663
Ajmer,Clay,7.533919257,0.9900363339,37.20972503,17.4381288,40.2793197
Ajmer,Black lava soil,7.345175143,2.573013788,15.81246779,19.91694829,39.47090621
Jodhpur,Saline,7.273181806,2.863113273,25.56335271,23.85898089,41.78126394
Kota,Saline,8.130759626,1.666405458,26.3351555,25.48034954,42.12660654
Jaipur,Chalky (Calcareous),6.727531327,1.730347493,31.93191327,24.18882111,36.60384673
Ajmer,Nitrogenous,6.042872005,2.261611593,23.89839655,9.913306009,25.83837038
Jodhpur,Saline,7.90699043,2.064308725,28.8717181,26.94512181,43.18662342
Hanumangarh,Loamy,8.308150021,1.303632264,29.82724688,11.91643313,38.85308834
Sri Ganganagar,Nitrogenous,7.375692073,2.313306819,30.22781941,23.11703569,43.51720067
Ajmer,Alkaline,8.577464339,1.842351672,25.2948865,21.23041808,35.98859986
Jaipur,Alkaline,8.240980384,1.858390981,27.17211816,17.64342139,43.59208712
Ajmer,Black lava soil,7.421126508,1.67916659,38.32675959,15.7191508,40.17783037
Hanumangarh,Clay,7.826153076,1.184332445,32.40130251,14.72446162,44.1139139
Hanumangarh,Loamy,7.018674494,2.346384516,35.52916533,24.30718263,41.25658324
Udaipur,Nitrogenous,7.384349529,1.711790212,37.35517345,16.5025239,34.81466963
Jodhpur,Black lava soil,7.832684468,1.601931598,25.24968251,12.78197869,37.5854508
Jodhpur,Nitrogenous,7.458642488,2.121545864,34.75653122,22.63448962,39.0456389
Alwar,Sandy,7.400902162,2.255078734,36.36285081,20.631571,37.65434573
Kota,Clay,7.003566999,1.277397368,33.33134836,22.88989262,42.88681763
Kota,Clay,7.435670277,2.703467373,27.57940753,24.77634619,39.80628553
Jaipur,Sandy,7.195824618,2.296265154,32.04818059,21.7848638,40.40639211
Ajmer,Black lava soil,7.481053459,3.194185996,35.92128323,23.61413447,40.55899579
Bhilwara,Saline,8.0035786,2.258997388,30.13102376,18.48217837,39.59541331
Kota,Nitrogenous,5.914787132,2.10530042,27.5576196,27.96334999,40.09672035
Hanumangarh,Black lava soil,6.90551829,1.975059923,24.76939457,22.36703708,41.45473682
Hanumangarh,Black lava soil,7.978919816,1.604559104,30.17004048,13.17489102,43.50747391
Alwar,Clay,7.75943559,2.247902511,30.00809516,22.07386445,48.02169554
Ajmer,Alkaline,7.357452871,2.069322592,24.5693685,15.65869519,40.48906647
Jaipur,Alkaline,8.051966773,1.871859588,28.82041735,17.96557378,37.32621665
Nagaur,Chalky (Calcareous),7.647485728,1.251371177,36.40469788,16.67288851,43.60951743
Nagaur,Sandy,6.865000701,2.334420065,33.35972304,21.92101036,35.02785739
Hanumangarh,Nitrogenous,7.624774095,1.408471908,28.73618372,25.1470655,43.98350964
Hanumangarh,Clay,7.507591471,1.512596712,33.22793856,20.09690619,28.39842201
Sri Ganganagar,Chalky (Calcareous),7.891314913,1.987883583,36.01225624,14.52364741,24.11648093
Sri Ganganagar,Clay,7.639541929,2.145781838,21.54664186,15.10750227,53.77608872
Hanumangarh,Saline,7.347194693,2.365479488,26.74670086,9.548485506,39.14870877
Kota,Chalky (Calcareous),7.36719772,1.800060881,29.42679582,21.32134136,39.24941524
Jaipur,Chalky (Calcareous),6.867996916,2.243092396,20.25314122,9.748212714,43.69590247
Sri Ganganagar,Sandy,7.753510136,1.971302317,23.02275748,16.4604453,38.68626626
Kota,Clay,6.702053016,1.630485671,33.26165169,27.13652682,37.90282624
Kota,Clay,7.878244177,1.042969965,33.29725621,15.98025793,41.53672808
Jaipur,Chalky (Calcareous),7.376123791,2.660207005,25.62782176,23.13803149,38.60246268
Ajmer,Saline,7.420847261,1.908073053,25.77163448,19.92950517,39.68675889
Jaipur,Loamy,7.620620124,2.042252573,33.98997275,24.61754308,34.74688339
Nagaur,Loamy,7.93438625,1.406831786,32.93927944,23.09869392,30.44341554
Udaipur,Saline,7.546489623,1.765751943,26.20617371,26.75426165,36.7316043
Hanumangarh,Clay,7.096811535,2.03784747,33.42794873,19.29175707,45.83185273
Kota,Black lava soil,7.765487831,0.9108943401,27.35266518,17.1907895,42.39680477
Nagaur,Clay,6.187591472,3.274504854,32.65513047,20.74438402,45.90783858
Udaipur,Sandy,8.671827026,2.435373322,34.74406548,20.65345012,39.29237123
Jaipur,Loamy,7.262102278,1.586944004,26.5649295,13.24722018,39.62064275
Ajmer,Clay,6.657666211,2.095458262,29.81834696,20.73467649,37.38934215
Kota,Clay,9.038430185,2.68005795,23.7772875,21.16434044,36.95996929
Jaipur,Saline,6.992760137,1.329963964,32.16108345,16.59309882,44.83913012
Alwar,Clay,7.996891107,2.686957193,25.73806617,22.37682805,43.16227108
Nagaur,Chalky (Calcareous),7.262910912,1.614114021,38.04760333,21.13747938,43.17983875
Bhilwara,Chalky (Calcareous),7.088961994,1.390357767,27.15275113,19.37989306,34.67889997
Udaipur,Clay,7.495077596,1.155747406,24.39976289,23.35455624,43.0189526
Ajmer,Black lava soil,7.304061617,1.491117845,24.86298224,18.13365877,43.22259246
Kota,Nitrogenous,7.964122846,1.751734132,24.23253787,21.33921819,35.88232515
Ajmer,Black lava soil,7.240873681,2.662638045,34.13557714,20.78987156,33.64040499
Udaipur,Alkaline,7.605698284,2.531328645,28.12183167,26.75557045,46.46372645
Bhilwara,Saline,8.331866416,2.152621563,32.9369585,27.07093644,42.23696969
Bhilwara,Alkaline,7.249382946,1.775728582,31.19277477,13.54719289,39.28370542
Bhilwara,Alkaline,8.048273559,0.9043730744,37.67241051,25.61187109,37.70117692
Kota,Chalky (Calcareous),7.771695414,2.001573863,36.14995184,24.91341571,32.99964638
Nagaur,Nitrogenous,7.793631207,1.897186073,30.41416285,16.3591405,48.74068535
Kota,Clay,8.02003091,1.630114418,23.32694697,18.07163685,42.17251323
Jaipur,Clay,7.620102922,2.626566412,33.94959861,24.84784513,41.634277
Kota,Alkaline,6.805350635,1.902150734,35.3004487,19.74238536,42.51545184
Alwar,Chalky (Calcareous),7.340625842,1.485094076,29.38327968,21.54523722,36.7215614
Jodhpur,Alkaline,7.382144378,1.530268379,35.59622459,18.52772121,47.26377773
Jodhpur,Black lava soil,8.264373925,1.959477018,24.95775634,9.570510611,32.63981463
Ajmer,Nitrogenous,6.813082588,2.689234814,30.57912294,21.94802262,28.89789496
Alwar,Saline,6.901016785,2.443539888,31.43387056,19.26397361,42.82421179
Hanumangarh,Alkaline,8.317898903,1.889478768,30.34684901,20.96298459,51.96054818
Jaipur,Saline,6.450321868,2.341611507,29.42598876,22.83385863,36.71313723
Alwar,Black lava soil,7.475517485,2.35570529,45.56455101,24.04018095,35.75967201
Jaipur,Saline,7.288120159,1.773292946,21.02178414,18.34954904,43.66414541
Jaipur,Sandy,6.86288394,2.524241326,32.43887411,16.32883339,39.29235181
Kota,Chalky (Calcareous),8.299160904,2.366773907,30.04391827,18.81158342,40.38304535
Jodhpur,Clay,7.244118221,0.9476252471,40.21088955,20.776625,41.99073633
Kota,Sandy,7.471046125,1.6324416,29.0703776,12.00302619,51.38543249
Jaipur,Saline,6.882744001,1.484016858,27.79870398,26.44037862,40.072545
Hanumangarh,Loamy,6.881932102,2.62716918,33.65500313,22.69217479,43.57867121
Jodhpur,Chalky (Calcareous),8.69718095,3.092547448,26.56642328,28.11942496,41.91584095
Kota,Nitrogenous,7.749547908,1.153864584,29.14807117,15.93588205,44.14029407
Nagaur,Nitrogenous,8.03554025,0.9627568245,29.88982568,25.60930752,39.06660519
Kota,Clay,7.864531823,2.175582734,31.70830116,18.64342511,33.91709598
Udaipur,Nitrogenous,6.939234926,2.354676257,30.09729128,19.30743878,37.88054979
Kota,Chalky (Calcareous),7.347405577,2.523455897,28.32377959,13.29467643,43.71825888
Jaipur,Clay,7.397561668,2.015697933,38.03789153,19.89719721,41.44591837
Hanumangarh,Saline,6.910538254,1.890165274,33.04763023,12.22313133,41.00422547
Jaipur,Sandy,7.550395536,2.020643728,35.18579449,21.67219257,47.39035949
Jodhpur,Clay,7.003205242,2.067962284,30.42233393,14.65372753,44.78147501
Jodhpur,Black lava soil,8.662336653,1.991496963,32.52510544,20.42259238,36.43207665
Kota,Sandy,6.589619861,1.647113258,23.0402081,28.52051039,39.42445153
Ajmer,Sandy,7.327040335,2.444576912,24.39124449,16.16567981,40.34036135
Ajmer,Black lava soil,8.014384496,2.250842523,31.24162571,20.39058868,42.00117928
Alwar,Alkaline,7.600826453,1.485013863,30.23039611,14.63155671,40.40541271
Udaipur,Clay,7.259676029,3.269690811,29.80052808,12.97880217,39.32909895
Ajmer,Black lava soil,7.759679373,2.836681973,27.052738,12.08786013,44.08418506
Jodhpur,Nitrogenous,6.809700647,1.781922279,28.71189757,19.65183273,43.44582229
Kota,Saline,7.158182859,1.863135374,29.92864824,20.74798979,40.48913587
Ajmer,Saline,7.718002888,2.421919755,31.96317058,22.26792762,32.08888417
Sri Ganganagar,Loamy,7.52511385,2.239753774,33.64470597,16.53824613,36.70480363
Jodhpur,Loamy,7.212949662,2.26820695,35.16940527,17.96269946,44.53981157
Jodhpur,Loamy,7.561739905,1.937857111,28.94307885,23.73305682,41.62788908
Jodhpur,Sandy,8.637912714,1.573887679,32.59050851,17.35399495,35.65356507
Nagaur,Alkaline,7.494566431,2.06867624,44.59086778,19.07927092,34.34910635
Kota,Black lava soil,7.636505359,0.9626799812,29.54021609,20.08012641,43.97300191
Hanumangarh,Loamy,7.986811125,1.748215191,29.24692993,16.16939585,34.35968723
Nagaur,Alkaline,7.65494739,1.363207226,27.9268655,15.0241302,42.74841593
Alwar,Alkaline,8.40071505,1.349206009,20.73490759,19.37556557,40.07848898
Sri Ganganagar,Clay,7.609329653,1.776839742,28.99680351,21.83755205,45.20215446
Udaipur,Saline,6.522475615,1.81553028,31.06904397,15.41011948,48.65584816
Sri Ganganagar,Nitrogenous,7.18229506,1.979353656,32.78011048,17.04357606,30.76713476
Udaipur,Clay,7.285672737,2.514720278,28.31552437,15.76782849,44.62836105
Jodhpur,Sandy,7.334612552,1.744919593,30.74728045,23.85375105,51.90856766
Kota,Alkaline,7.913618054,2.579919983,27.47016901,14.87065947,40.31165675
Udaipur,Alkaline,7.553584958,1.460743629,29.12352735,21.99658801,41.80196698
Alwar,Nitrogenous,7.752143927,2.145482365,27.4649567,17.43049687,34.00524301
Bhilwara,Saline,8.39238752,2.006725182,28.87573472,15.35603959,54.67828951
Jodhpur,Black lava soil,6.963335984,1.785576037,32.07918418,23.00106483,44.78966028
Sri Ganganagar,Alkaline,8.403804254,2.253078828,24.719846,18.71527437,41.53916186
Jodhpur,Loamy,8.534113021,1.301097261,36.01288253,20.89957185,44.18915268
Kota,Alkaline,7.449002642,1.578783685,33.7543639,23.27215514,44.86028483
Alwar,Loamy,7.493347682,1.700088988,22.20606502,24.09686634,42.11944741
Udaipur,Nitrogenous,7.017108684,1.730713163,27.66620594,12.58507784,35.91158802
Alwar,Nitrogenous,6.933084822,1.793760494,26.30651251,11.8649754,50.11295115
Alwar,Loamy,8.126270366,1.610490289,31.36210698,22.08732545,45.95542927
Kota,Chalky (Calcareous),7.090697487,2.546053392,27.26047348,13.32068798,43.6206828
Alwar,Black lava soil,8.145379212,3.293954487,24.00137367,23.49459843,37.95099378
Hanumangarh,Nitrogenous,7.891679355,1.264755224,23.68615112,16.12062588,40.39482023
Hanumangarh,Nitrogenous,7.179459367,2.329527172,35.13447309,22.99788771,48.0939382
Hanumangarh,Chalky (Calcareous),7.707913315,1.391551645,36.81688257,16.97421882,44.5520925
Alwar,Saline,8.286867108,2.228344005,22.51920593,15.40893917,46.61372233
Nagaur,Black lava soil,7.415438657,2.039786767,33.79412208,23.48161431,41.39399906
Hanumangarh,Chalky (Calcareous),7.395665814,1.843665777,34.28949413,22.76784766,38.7135
Jodhpur,Chalky (Calcareous),8.041056156,1.935482942,25.74168913,16.20514651,35.10629582
Udaipur,Sandy,7.363794992,2.616862139,25.97452409,20.94237881,36.71655327
Ajmer,Sandy,7.369845479,1.244979394,28.89730885,19.0314731,42.70143972
Udaipur,Nitrogenous,7.611640457,1.400803938,35.42099122,21.0515152,40.99196759
Kota,Saline,7.495408823,1.741121276,31.0890117,22.37794218,31.26552154
Jaipur,Loamy,7.230619581,1.872526515,31.28085303,25.96655503,36.14129593
Udaipur,Alkaline,7.251019077,1.743732945,25.99236205,18.26406752,43.8540111
Sri Ganganagar,Nitrogenous,6.973082252,2.213907198,21.49048885,17.19331002,38.3525535
Kota,Black lava soil,8.337429836,1.862598848,18.99378263,10.00555547,40.17014793
Ajmer,Chalky (Calcareous),7.806885428,2.187727929,30.83785053,25.81129799,37.3020439
Ajmer,Sandy,7.947455278,1.183992557,25.47526084,10.96479303,38.6257735
Kota,Saline,7.476869391,2.057050746,30.30941676,15.36223335,39.04879578
Kota,Black lava soil,6.751276666,2.681614488,28.48186964,17.5555694,47.94470164
Jaipur,Black lava soil,6.878876733,1.437206443,24.51889838,19.66064309,42.15815815
Udaipur,Sandy,7.869837734,3.285997659,18.75283773,23.04367795,37.21434714
Jodhpur,Saline,7.206792426,1.690113936,25.45615165,28.42262417,44.21148664
Bhilwara,Alkaline,7.511597989,2.675507876,22.43735517,13.34647434,29.11016134
Jaipur,Alkaline,7.15029273,2.080849263,30.51429289,20.74670956,32.94471584
Udaipur,Alkaline,7.901577371,2.119813759,33.66527141,10.53618911,41.55745429
Jodhpur,Chalky (Calcareous),6.90611738,1.801338374,32.67182449,20.45546803,35.7423001
Jodhpur,Sandy,7.503136578,1.234232342,35.75133698,18.9735799,45.59274972
Nagaur,Black lava soil,7.236734156,1.738212006,26.17906607,24.38086966,36.45284421
Kota,Alkaline,7.822297716,1.808773801,20.1201835,17.14842966,34.10445893
Bhilwara,Alkaline,7.516951362,1.404796132,34.6298755,19.5446207,39.11202003
Hanumangarh,Clay,7.827946069,2.481953467,29.89950624,16.1439985,31.13015192
Bhilwara,Black lava soil,7.156975121,1.691393877,30.53528726,18.27426559,43.43966486
Udaipur,Nitrogenous,7.193508364,1.971479417,35.91993722,21.70912607,39.69981229
Jaipur,Clay,7.199027779,1.683384302,25.74693374,17.29496567,43.77832919
Jodhpur,Alkaline,7.389055864,1.325113465,38.84084647,21.59982596,32.965283
Jaipur,Sandy,7.279075536,2.055443191,38.52296047,14.45943771,44.8802036
Nagaur,Alkaline,8.199743213,1.685672847,28.61243191,14.81845376,38.98269429
Hanumangarh,Alkaline,7.481705013,2.329824999,35.45091736,16.25951968,30.16337468
Jaipur,Black lava soil,7.48937761,2.146768765,31.24708844,18.36663376,40.6237605
Alwar,Nitrogenous,8.257722404,2.190867084,28.13315787,17.49901091,39.15073821
Hanumangarh,Clay,8.318369981,1.908349645,29.90102828,17.58843215,45.49491679
Nagaur,Clay,8.479918627,2.225306525,30.41386452,20.18391417,28.07846606
Ajmer,Black lava soil,7.872575432,2.067083208,32.14171025,16.44268903,38.07771561
Kota,Clay,7.294487532,2.510811492,28.10620082,30.41330161,42.1543121
Jodhpur,Black lava soil,6.86215867,1.935726853,26.74162439,9.028087651,47.9973547
Kota,Chalky (Calcareous),7.851571271,2.266603659,30.8270183,13.08991216,37.5819143
Alwar,Sandy,7.920890387,1.474389985,17.34115342,18.86446996,39.29121223
Ajmer,Black lava soil,7.567781708,2.364259322,33.18802906,21.29384903,45.97765694
Kota,Saline,6.74051511,2.252290907,33.13269182,13.80218857,32.48564696
Bhilwara,Nitrogenous,7.127028937,1.669229279,33.76709732,16.92730608,35.71825741
Udaipur,Black lava soil,7.194183132,2.559316167,30.06521687,19.10374487,39.44997251
Alwar,Alkaline,8.146030167,1.625414137,36.57754145,21.05248149,39.19790309
Jaipur,Loamy,8.750450249,1.472180255,28.2315712,13.8378438,44.76230985
Alwar,Chalky (Calcareous),8.344594467,2.834961391,36.11974377,19.01189766,38.17379511
Sri Ganganagar,Saline,6.664415114,3.017936768,32.34489039,17.54021548,46.64028444
Jodhpur,Saline,7.013617742,2.203311017,29.13685433,23.1933857,39.6821323
Udaipur,Loamy,6.774536054,2.037788186,35.24432071,19.85391797,43.87557561
Jaipur,Chalky (Calcareous),6.977235257,1.986869603,26.87744772,23.7349042,40.15745781
Sri Ganganagar,Alkaline,7.845036838,2.543855213,33.45809288,21.36559217,35.00893871
Hanumangarh,Saline,7.498606945,1.733454799,28.27968022,18.12732925,35.10037213
Jodhpur,Chalky (Calcareous),6.521330705,1.665928476,30.96689726,13.25911477,40.07841118
Nagaur,Sandy,8.450134212,2.511528278,38.21770755,21.95563938,45.83754911
Sri Ganganagar,Chalky (Calcareous),7.138017635,1.677829866,16.30429897,25.93072737,47.7016199
Hanumangarh,Chalky (Calcareous),7.223411377,1.873024147,26.23068943,21.91326776,45.62466273
Jaipur,Chalky (Calcareous),6.628614013,2.204719265,28.61664114,20.56697196,42.29497001
Sri Ganganagar,Saline,7.405898781,1.948206573,28.93062416,24.85158101,42.0937998
Nagaur,Sandy,7.610291769,1.364524139,28.10710128,24.4933458,40.18848287
Nagaur,Nitrogenous,7.829765735,2.8832559,35.19303035,20.46579169,37.44505415
Jaipur,Sandy,6.223225202,1.915807539,28.36993752,21.95183097,39.23047387
Udaipur,Saline,7.33980747,1.110300535,25.30016085,22.3832552,48.57953816
Sri Ganganagar,Sandy,7.451237308,2.163905537,34.76239078,15.94553032,41.83407022
Udaipur,Clay,7.129754947,2.432412219,30.75701524,21.49225907,36.08700701
Alwar,Chalky (Calcareous),7.85351618,3.042356461,24.96044152,18.30120496,41.15803737
Udaipur,Black lava soil,7.893203106,1.720226857,15.83484855,26.79594747,43.8025306
Udaipur,Alkaline,6.628526235,1.696215604,37.84091215,27.23898209,44.69320011
Jodhpur,Loamy,7.411943783,2.041493709,29.34537097,25.64119892,35.62078797
Alwar,Saline,7.097100173,2.505137293,29.77819272,26.89233678,36.64243897
Hanumangarh,Alkaline,7.47261082,1.538793508,30.03681341,12.60726532,37.5618329
Jaipur,Black lava soil,6.781873068,2.346961617,33.5829467,11.34868635,46.66942873
Bhilwara,Sandy,8.748707563,2.023003193,26.7944287,34.12165296,33.40515751
Sri Ganganagar,Alkaline,7.510053233,2.089811136,36.7257381,21.79869488,37.50683052
Kota,Nitrogenous,7.024407815,1.82908909,24.9653632,20.2391266,37.1790191
Jodhpur,Saline,6.752981103,2.627572894,27.51163738,13.65931598,39.15870433
Ajmer,Chalky (Calcareous),7.534185783,1.126766637,31.65823834,14.76421216,48.55514405
Kota,Alkaline,7.761980256,1.800050005,26.27416115,19.47516146,43.06395371
Hanumangarh,Loamy,7.487252936,1.891420596,30.29185145,16.98070534,38.28397037
Bhilwara,Alkaline,6.457103781,2.486863115,31.4939889,16.13272078,49.49367491
Udaipur,Clay,7.54350824,1.481928214,34.28368711,21.99024108,41.97289993
Udaipur,Black lava soil,7.287122198,2.225247862,28.69120855,22.77970726,30.47527773
Jaipur,Black lava soil,7.283063269,2.861077549,26.16466272,16.98080851,37.76019331
Ajmer,Chalky (Calcareous),6.892596932,0.8958596119,28.84706801,20.67929712,39.73747466
Nagaur,Saline,7.427560719,2.021520435,35.11420736,19.04776907,37.12958711
Kota,Nitrogenous,7.359437258,2.28967338,37.06013439,16.8592813,40.49466894
Jodhpur,Sandy,7.669178721,1.503710997,30.10208584,12.67163071,31.15474848
Kota,Clay,7.683373204,1.808062629,31.01140204,19.91052511,35.11799976
Hanumangarh,Saline,7.477372849,1.383449347,36.95486179,13.22014828,39.02107365
Bhilwara,Saline,6.978864206,2.285210587,28.34284314,17.4066664,44.26600773
Bhilwara,Loamy,7.514715296,2.258322223,25.09337032,12.97591528,40.53603981
Kota,Clay,7.340576822,2.313217336,29.60045774,21.0253767,31.88308735
Kota,Saline,8.44421847,1.917879007,33.48793485,15.81954165,41.54004951
Sri Ganganagar,Loamy,6.848577618,2.226033919,28.22012958,20.14595252,43.48987015
Udaipur,Saline,6.883729844,1.657754135,32.28662141,30.49110737,39.30958833
Jodhpur,Alkaline,7.795568059,1.946514265,39.71122797,11.26389167,40.47310522
Bhilwara,Clay,6.687227983,0.7467142147,31.48731027,20.69748898,38.57581531
Bhilwara,Clay,7.446902955,3.549149717,28.70912431,22.55062181,36.7531759
Bhilwara,Alkaline,7.647616288,1.880883162,27.94740759,29.09449266,45.88592482
Jodhpur,Nitrogenous,7.568373324,0.847894032,28.19495388,33.51513782,38.84669167
Jaipur,Loamy,8.051608786,2.720971201,31.09481958,15.79089184,27.82343834
Sri Ganganagar,Black lava soil,7.842081604,1.592621999,30.88075226,13.7508983,38.6738123
Alwar,Alkaline,7.516859527,2.134296791,24.42588906,25.98455474,37.01552608
Bhilwara,Loamy,6.66276527,1.94548829,30.17187655,20.80294717,46.81066202
Hanumangarh,Loamy,7.381775582,1.940190188,24.48407809,24.10276751,40.92154532
Udaipur,Saline,7.289986136,1.047662653,37.22206098,13.86160018,37.04360995
Alwar,Nitrogenous,7.679172256,1.401721036,22.53245111,9.380262086,43.60498476
Sri Ganganagar,Sandy,7.227406878,3.463635046,25.02822467,15.39274488,37.17303515
Nagaur,Sandy,7.621567328,1.764898331,33.06166107,15.10705805,33.09204141
Ajmer,Sandy,6.60089263,0.888212916,27.4096549,18.49509844,36.84281486
Kota,Saline,8.121702899,2.614015105,28.32598506,11.03039443,37.16647446
Sri Ganganagar,Black lava soil,7.200089303,1.671432519,26.51140548,16.73268552,38.06729192
Kota,Black lava soil,7.182229451,2.104161254,31.80184358,15.44677456,46.35532663
Jodhpur,Chalky (Calcareous),7.009968849,1.191099693,31.90389036,15.91295933,41.60645735
Alwar,Nitrogenous,6.298165699,2.696227971,33.36146704,12.49761725,32.60611438
Jodhpur,Loamy,8.336132952,1.631310048,25.82907576,8.669739529,38.24610897
Bhilwara,Nitrogenous,7.386140193,2.357746548,23.00460786,12.39856604,42.25481317
Hanumangarh,Nitrogenous,8.003365036,1.214423824,35.40757043,20.18770921,45.4590267
Jodhpur,Saline,7.464889819,0.7388610413,29.24016309,25.30071909,35.5312699
Kota,Saline,7.306017516,1.911933248,15.5024306,28.35673788,35.4931216
Alwar,Black lava soil,7.752867716,1.956649432,36.28809528,22.03028061,38.82537864
Ajmer,Black lava soil,7.053242454,2.398925351,20.63279348,23.2294521,34.50477624
Udaipur,Saline,8.126141831,2.080649771,33.22061884,20.40994407,31.23811452
Udaipur,Loamy,7.069635418,2.336194669,30.83327909,25.90494953,42.01637282
Nagaur,Nitrogenous,7.016649055,1.601967931,30.51458695,8.42977967,48.36720943
Ajmer,Nitrogenous,7.720873368,2.613517299,22.0969803,26.2228258,51.15749456
Jodhpur,Clay,6.839560822,2.385700897,30.00554972,12.27783076,42.46441986
Bhilwara,Sandy,7.916801602,1.699436724,35.8295826,11.66618297,32.52621927
Hanumangarh,Alkaline,7.568298698,2.012692639,26.41713256,24.04797218,42.65447157
Bhilwara,Alkaline,7.929069535,1.938431782,33.01290134,17.77174848,50.26909345
Ajmer,Loamy,7.093727115,3.052648715,30.17443974,13.12244555,46.84039675
Nagaur,Sandy,7.562950694,2.425562049,36.11927959,21.68977777,37.03879578
Nagaur,Black lava soil,7.987856689,2.000377754,33.42928909,9.231347131,42.23490859
Jaipur,Loamy,7.180707087,2.826654819,33.11543674,21.19928873,42.43154997
Alwar,Nitrogenous,7.000779574,2.811628345,39.95685209,21.96456755,47.95201784
Ajmer,Sandy,7.215425901,1.601443217,30.20462374,22.17470519,38.03006659
Ajmer,Sandy,7.768884095,2.153194741,25.00846612,22.59396509,44.31764121
Alwar,Clay,7.585734659,2.576324052,23.91298103,22.33975211,34.14859647
Sri Ganganagar,Alkaline,6.942959321,1.684534583,25.28969908,17.26002091,38.92924845
Jodhpur,Alkaline,7.918577243,1.839420481,22.07187147,25.70033923,35.81454933
Jodhpur,Clay,7.470639786,2.223268253,30.99805209,25.47089774,42.39501572
Alwar,Saline,7.06934521,3.089281087,30.97166732,19.26329887,44.81962712
Sri Ganganagar,Nitrogenous,7.624725473,2.199614096,42.46091999,18.62439286,38.41119553
Alwar,Chalky (Calcareous),7.558289256,2.535757968,22.46732985,10.17222054,37.06442365
Sri Ganganagar,Alkaline,6.68303852,1.787584326,32.51249848,15.54625568,32.86586712
Jaipur,Saline,7.534668581,2.431271742,21.52513281,24.10116199,44.08653102
Alwar,Loamy,7.977042551,2.609240107,41.01006962,18.21953976,40.5478579
Sri Ganganagar,Alkaline,7.291780783,2.000988422,37.66436678,13.27492758,35.69475164
Ajmer,Loamy,8.188590468,2.510018253,28.18434177,24.27201001,41.70607921
Alwar,Nitrogenous,8.250137305,2.037254797,35.12816057,33.21005955,42.99049578
Bhilwara,Alkaline,7.524664083,2.361223493,28.17359571,31.93983853,40.90035519
Alwar,Loamy,7.36353334,1.582155497,35.48610096,24.33593706,37.51322814
Nagaur,Black lava soil,7.788225673,1.245722016,30.92485288,22.26378176,48.53664905
Jaipur,Chalky (Calcareous),7.114590599,1.360823686,25.5228602,13.3171575,46.68328679
Jodhpur,Alkaline,8.274319648,2.160108289,36.10647473,20.6697919,39.52444176
Udaipur,Loamy,7.33348119,1.844804504,22.26099222,21.32127382,39.79833045
Jaipur,Alkaline,7.872680362,2.046761748,29.18648149,15.64403485,40.36076618
Bhilwara,Alkaline,7.869118615,1.428330504,30.43736877,21.16521476,36.40967608
Bhilwara,Loamy,7.206071848,2.115305424,24.33289491,21.74961858,35.52322813
Jodhpur,Black lava soil,8.031426847,3.168913873,25.69621599,22.67103931,36.36629048
Sri Ganganagar,Sandy,8.020477087,1.367370795,32.40293379,15.63505517,38.96507705
Bhilwara,Alkaline,6.984487362,2.411175235,25.81509823,22.7598213,38.27950986
Bhilwara,Saline,7.442763814,2.073877954,26.19087664,21.05183557,47.65167282
Jaipur,Chalky (Calcareous),7.110952607,2.585905072,37.49048817,15.91922505,32.72472697
Ajmer,Black lava soil,7.65098045,1.726296239,39.3430161,20.1740377,35.98900296
Hanumangarh,Alkaline,6.926420244,2.54495248,27.14408013,20.219144,44.77901373
Nagaur,Black lava soil,7.257870824,1.977035586,29.91715795,23.41662256,42.95372168
Ajmer,Loamy,7.389943134,2.031824531,28.14110494,12.61193797,41.28800429
Ajmer,Chalky (Calcareous),8.44609588,1.55814043,26.13485145,15.64636114,43.62295889
Nagaur,Sandy,7.724242727,1.920731154,25.40990469,20.46188396,32.17688936
Udaipur,Loamy,7.571713283,2.435762193,23.74400432,12.33740862,47.89718946
Jaipur,Clay,7.19412018,2.567973923,29.23001167,19.19022592,42.1920635
Sri Ganganagar,Saline,7.058000572,2.066248572,28.09255293,13.39753278,41.68741037
Bhilwara,Nitrogenous,7.368346097,1.921487586,23.94919528,27.95700184,44.38357093
Alwar,Black lava soil,7.982077942,1.847277649,21.35408555,29.76458691,39.69451246
Udaipur,Loamy,7.125600102,2.208400787,35.83560394,19.88474722,46.39287584
Hanumangarh,Black lava soil,8.041499969,1.461809406,26.63104947,24.78768582,26.43693718
Hanumangarh,Loamy,7.425272153,1.284584399,27.61723099,18.50589955,38.20877811
Jodhpur,Alkaline,7.223869374,1.451428175,41.45955633,29.33731002,34.1896709
Bhilwara,Black lava soil,8.291058376,1.800267255,30.64593737,19.6836302,36.70125679
Udaipur,Alkaline,7.991926172,2.062943265,27.61724288,13.47705278,35.53202493
Hanumangarh,Alkaline,6.679309942,2.006111774,24.01667204,18.67219744,46.85050927
Hanumangarh,Black lava soil,8.099649786,1.983861553,29.56457637,29.39937275,42.6037806
Alwar,Clay,7.33609677,1.286990941,31.96936609,24.14661886,36.84174238
Alwar,Clay,7.645601378,1.818213353,29.079838,7.560889712,38.89109298
Nagaur,Saline,7.984684651,1.684298722,30.26263184,16.22024647,41.80220838
Jodhpur,Saline,7.391738401,1.53037923,36.66275734,24.64466007,36.97546618
Jodhpur,Sandy,7.748894155,2.268706001,33.21150618,11.52872052,45.03303271
Nagaur,Black lava soil,7.215150519,1.821086033,43.18940876,21.5093669,38.06838762
Jodhpur,Nitrogenous,6.397352814,2.694882067,23.27395165,14.98280548,38.3432385
Nagaur,Saline,8.208205896,2.386619993,29.21081245,21.54146032,36.99807154
Bhilwara,Sandy,7.569826845,2.036668372,34.84384948,24.83589061,42.46988691
Sri Ganganagar,Black lava soil,7.318826221,2.370911147,29.54015767,14.59042816,37.98356104
Ajmer,Chalky (Calcareous),7.542263492,2.455107892,29.08235914,13.95400644,40.28370842
Bhilwara,Black lava soil,7.55672802,2.092918814,34.59935758,25.0946162,37.02894564
Jodhpur,Chalky (Calcareous),7.191928271,1.479900645,33.49407835,27.24410054,38.42459036
Bhilwara,Saline,7.379284718,2.733391278,32.52778927,22.18117852,34.04541747
Udaipur,Nitrogenous,7.839364035,1.53543183,24.32989907,18.26614212,37.07103638
Alwar,Black lava soil,7.389200153,1.279509183,34.79408153,25.63843147,30.26328763
Jaipur,Loamy,7.989228903,1.594735685,34.28487768,19.65776754,40.14387782
Ajmer,Clay,7.407451175,2.606064602,23.80205994,23.03920169,45.50665082
Sri Ganganagar,Clay,7.85817004,3.162349457,27.35526619,24.78652411,39.46954682
Sri Ganganagar,Black lava soil,8.116703038,1.996155502,28.06062109,26.53036102,37.5421903
Ajmer,Sandy,6.793637121,1.741576558,33.09516473,26.96019376,40.55564688
Alwar,Sandy,8.159098534,1.320912539,27.78368268,18.55712441,39.42720286
Jaipur,Sandy,7.542047194,2.345455479,27.77596581,20.69514343,39.77438555
Kota,Loamy,7.037055048,1.943166655,29.28170235,19.17459717,40.15879728
Hanumangarh,Loamy,7.53783677,1.78385241,36.36357367,14.15259685,36.39514946
Udaipur,Alkaline,8.889981812,1.481004323,23.23122663,23.67238373,29.61440073
Nagaur,Black lava soil,7.382363045,3.072912463,22.27532039,10.09017757,32.50409399
Ajmer,Black lava soil,7.949179784,2.56238836,27.43705602,23.41606202,46.95127664
Ajmer,Black lava soil,8.393673207,1.876832359,18.49264141,15.89560539,37.86597903
Jaipur,Black lava soil,7.370530602,1.906070299,35.59447299,26.37214213,39.14163173
Kota,Black lava soil,8.049242438,2.178830683,30.32252986,24.53272079,40.36126024
Kota,Black lava soil,8.528905589,1.280794417,27.4241455,19.36740552,42.19726345
Udaipur,Alkaline,8.133980244,1.987800716,22.88885175,24.21256948,43.77479383
Alwar,Chalky (Calcareous),6.52907067,1.998097933,22.04929085,16.67674451,35.48595537
Jodhpur,Alkaline,7.904632349,2.058415087,23.572045,24.40032981,32.83097088
Hanumangarh,Saline,7.665056895,1.592994665,28.17161459,22.52135374,42.607247
Nagaur,Black lava soil,8.168484537,1.95887315,31.53225431,17.81131339,40.90994941
Sri Ganganagar,Alkaline,7.719743024,1.950845076,20.98124758,21.65735448,41.82280739
Udaipur,Chalky (Calcareous),7.159913262,1.357806482,37.37939575,22.45722755,38.85459485
Jodhpur,Saline,6.931483558,1.589092586,36.51295198,20.6883097,37.24706466
Jaipur,Black lava soil,7.754844616,1.592800906,37.50421515,26.76400267,37.66712964
Jaipur,Alkaline,7.185664876,0.6909334007,22.59209614,13.30265113,40.6759517
Jaipur,Saline,7.336883148,1.327332256,28.59417979,22.52668574,42.63919675
Nagaur,Black lava soil,6.55016486,1.93586826,23.08329612,24.50864349,43.92073208
Jaipur,Alkaline,7.050986387,1.616977399,27.69366475,8.736033026,41.67984087
Bhilwara,Loamy,7.363577727,2.485087541,24.50795391,16.90438526,32.46737371
Kota,Chalky (Calcareous),6.997854718,1.409009002,34.97986839,16.50869076,40.62087842
Ajmer,Clay,7.309618298,1.365267367,29.15849788,22.99551666,33.96120304
Ajmer,Chalky (Calcareous),7.904556395,1.575139539,27.58508037,22.65341562,36.68281921
Alwar,Clay,7.51878743,1.842654586,30.64684003,8.096304472,30.85159092
Jaipur,Clay,7.807983503,2.518590703,25.44756648,18.77985824,41.47359626
Jodhpur,Alkaline,7.846608801,0.9861613642,25.56979877,18.3371031,43.51570099
Jaipur,Saline,8.749215242,1.885997137,22.96511269,22.01134039,46.60497895
Jodhpur,Nitrogenous,7.55400706,1.546675727,34.78996971,23.31772809,34.86959578
Nagaur,Saline,7.690712809,2.498632784,35.90945021,19.66775512,38.20960277
Jodhpur,Alkaline,8.113636911,1.394919749,32.19289645,13.14986686,45.32688136
Sri Ganganagar,Clay,7.370977242,2.634291618,32.45706378,13.88389885,47.12313866
Kota,Saline,8.275622633,2.441143246,26.19206067,18.46993023,40.72713609
Jodhpur,Nitrogenous,7.1481448,2.846173286,30.72163236,6.483259764,41.69677906
Udaipur,Chalky (Calcareous),7.325921302,1.962536722,28.15690317,24.03523208,45.59843889
Alwar,Saline,7.641526581,1.830344406,29.79331398,20.09799808,35.9878498
Bhilwara,Sandy,7.789464324,2.230021162,37.7022062,26.2767489,36.57162541
Alwar,Saline,7.910149187,1.524523308,33.4796605,17.41692901,34.88373388
Bhilwara,Saline,7.640022671,0.6627164359,21.24512213,19.11254058,40.41220883
Ajmer,Black lava soil,7.315340615,1.210281851,25.91054079,21.95604664,42.90890885
Alwar,Loamy,7.491888441,2.578416891,31.98698512,16.26272173,38.59748973
Bhilwara,Alkaline,6.798566921,1.945930505,35.5605031,23.42645042,47.01004663
Kota,Clay,7.348557378,2.673049897,29.03347887,27.35792541,39.89071626
Jaipur,Alkaline,7.853615687,2.737556182,29.03286186,21.09194494,46.44431713
Nagaur,Sandy,7.433498418,1.339553859,40.71503527,17.65117768,40.79378025
Jodhpur,Loamy,8.078003335,1.695753048,24.96066043,21.26868648,31.03461801
Udaipur,Nitrogenous,7.356046962,2.122519332,28.65024052,12.28274528,47.97088978
Nagaur,Sandy,7.551769077,2.715576059,28.69981875,15.59994009,41.3459046
Kota,Clay,7.392106437,1.411119271,37.34892129,16.88864889,30.79866808
Jodhpur,Chalky (Calcareous),8.164083027,1.747850992,26.96088054,11.17306206,48.70470743
Nagaur,Sandy,6.855259706,2.02922474,34.56310161,22.10858467,39.70172844
Hanumangarh,Sandy,6.649167071,1.595137582,30.93900169,16.06412965,41.0167973
Hanumangarh,Alkaline,7.840871704,2.481251443,23.86910321,30.98323027,43.83739672
Ajmer,Loamy,7.499142923,2.544768292,41.82703886,12.80639949,38.87368679
Jodhpur,Chalky (Calcareous),6.31078417,2.096325766,31.82697121,19.80418942,36.72733215
Jaipur,Loamy,6.475242742,2.186766842,37.27717242,17.04490772,42.20029965
Kota,Chalky (Calcareous),6.715927843,2.228606532,28.03308851,16.18791025,36.19818179
Jodhpur,Alkaline,7.303194209,2.191216658,23.43918399,18.01442334,39.79264111
Sri Ganganagar,Clay,6.950480388,2.898332601,25.7325226,16.65281543,35.10846025
Bhilwara,Chalky (Calcareous),8.399240044,2.276452614,25.31703997,25.53115779,41.00349347
Jodhpur,Loamy,7.628626711,1.827761396,26.25292007,21.6888305,37.27456385
Hanumangarh,Clay,8.408377815,1.365354447,37.68078386,19.44340576,41.49542867
Bhilwara,Nitrogenous,7.916578883,1.684875352,34.32124192,6.462280723,36.40005233
Alwar,Black lava soil,7.037968596,1.373246994,28.92522581,21.92874984,43.51329999
Ajmer,Clay,7.620438379,1.667153268,31.84508219,20.62142847,44.68028084
Kota,Chalky (Calcareous),7.888468351,2.015238207,25.51373497,16.73524922,37.2510532
Sri Ganganagar,Black lava soil,7.342366833,2.134025214,33.57587195,19.74440653,40.08062394
Jodhpur,Clay,7.571653153,1.742047343,25.37303871,11.22281051,36.52425321
Kota,Chalky (Calcareous),7.736572727,1.648544281,28.81096481,22.33215644,42.60344748
Bhilwara,Black lava soil,6.960233574,2.498529678,35.63675045,14.35075071,35.88081565
Bhilwara,Black lava soil,8.095545342,1.926573239,18.90111026,13.00159248,38.75315187
Nagaur,Clay,6.918478675,1.793288115,30.16198107,27.31127302,38.54773042
Udaipur,Saline,8.0362709,2.714380081,37.17154835,21.42377297,30.18355426
Nagaur,Black lava soil,7.730412433,2.524199944,29.59466447,28.72291935,44.29916781
Alwar,Chalky (Calcareous),7.784136689,2.543190356,31.66684926,7.535947503,37.50430524
Nagaur,Loamy,8.098584014,1.59620433,28.88263747,14.77581843,48.91961298
Udaipur,Saline,8.340746229,1.558065552,30.73649,16.59752976,43.0747232
Bhilwara,Alkaline,7.754841539,2.405852786,31.65959224,34.67703103,34.86038117
Jaipur,Clay,6.644698323,1.8034549,22.16005867,12.53768865,34.99342673
Nagaur,Black lava soil,7.038905547,1.522690949,32.59109475,17.46905469,39.10242713
Sri Ganganagar,Loamy,7.947116387,1.616838738,28.67727051,21.82879993,30.292161
Alwar,Sandy,6.307547246,2.173058664,32.4600714,30.32110067,40.79047438
Jodhpur,Alkaline,7.909869859,1.902263678,31.48613611,28.33628421,29.38003591
Udaipur,Black lava soil,7.706808129,3.067793365,31.4101711,28.25286482,36.85393925
Kota,Loamy,7.483976253,2.016762351,18.9120446,14.15911086,34.5156246
Ajmer,Saline,7.911033039,2.436076553,31.62018221,24.12051448,39.17925294
Ajmer,Loamy,8.100965835,2.004394221,30.28932024,18.67203683,43.42225239
Udaipur,Alkaline,7.289400592,2.488215689,24.3392543,14.50541873,43.43713378
Udaipur,Saline,7.455727893,1.773054292,34.45028866,16.96369293,38.99899373
Jaipur,Loamy,8.199613975,2.769571173,37.86199105,18.58937112,46.15351452
Jaipur,Loamy,7.025523586,1.546548563,18.24772074,28.36434101,35.68010075
Ajmer,Nitrogenous,7.43673371,1.544837829,33.47582624,18.1218317,33.47591555
Nagaur,Loamy,7.720831282,1.283134988,25.81297137,9.465554427,32.88020944
Ajmer,Saline,7.589264585,1.017731981,22.59427138,19.98815542,37.28196552
Alwar,Clay,8.496018318,2.916948273,25.66038769,22.78568809,43.74641278
Nagaur,Chalky (Calcareous),7.201260571,1.252229232,29.93850775,19.13577163,37.82117752
Hanumangarh,Chalky (Calcareous),7.721158434,1.624635196,24.24001226,20.54541485,41.92985046
Jodhpur,Clay,6.911677528,2.464045305,21.14759431,17.10943271,38.70995732
Nagaur,Saline,7.181888144,1.717469763,39.35537241,15.74557955,52.20610861
Nagaur,Black lava soil,7.71856339,2.046027569,32.38120177,32.64963875,35.03203498
Alwar,Loamy,6.939791041,1.622566902,30.16071573,11.37114438,40.1116962
Udaipur,Chalky (Calcareous),8.346773567,2.075703695,28.53657271,16.90919776,44.49255852
Ajmer,Sandy,7.087083613,2.92319796,39.66679874,21.28375399,39.94242456
Bhilwara,Nitrogenous,8.015329904,2.547399251,25.97004134,17.36722433,33.38826283
Jaipur,Clay,7.704532469,2.333313942,23.25037181,17.72400548,33.26373041
Alwar,Saline,7.050600095,2.27550853,26.33258967,18.49587022,31.86344136
Jodhpur,Nitrogenous,7.593495105,1.97786334,26.35520375,19.05492851,40.9014744
Kota,Loamy,7.092565926,1.261868728,39.02787216,16.83363648,39.51619948
Nagaur,Black lava soil,8.005419868,3.764527594,23.77756775,22.24913607,36.46223857
Ajmer,Sandy,7.230604848,1.639893989,24.37172516,19.79354319,32.62748656
Sri Ganganagar,Sandy,7.973403783,2.027501468,32.11217486,17.66905694,38.16398033
Nagaur,Sandy,7.643781953,1.417974684,28.21004783,15.70193243,35.54715595
Bhilwara,Clay,6.44508088,2.669663295,26.56730623,25.81688028,45.34396161
Kota,Black lava soil,6.857000147,1.455794382,42.8025148,28.75462971,39.84240743
Jaipur,Sandy,7.628686553,1.684576799,32.16176357,16.4140905,29.83823118
Udaipur,Sandy,6.839222107,2.010546374,24.34466382,19.66361268,34.6266948
Jodhpur,Nitrogenous,7.108823039,2.426582653,31.23740274,19.95167789,44.39481987
Jodhpur,Black lava soil,7.740304297,2.723281646,27.70070369,17.85182511,33.49445367
Sri Ganganagar,Clay,7.285509641,2.482384947,36.49993686,24.80152584,31.02904067
Udaipur,Loamy,8.041572606,1.080740688,34.49058662,18.16107737,43.51266657
Alwar,Saline,6.833775826,2.585583816,22.67512627,16.65772545,35.00952686
Hanumangarh,Loamy,6.622857574,2.047263784,39.03044559,33.33452611,40.48577894
Bhilwara,Sandy,8.058340638,2.116047319,32.49441597,18.28925674,40.97538463
Alwar,Clay,7.768739352,1.710770136,29.6125285,19.70784941,44.13201659
Bhilwara,Nitrogenous,6.966983914,1.974228896,39.56002735,25.82030076,46.74589524
Jodhpur,Loamy,7.51221592,2.160498782,35.01118083,27.80127765,30.24198544
Nagaur,Saline,6.842279346,2.654722051,28.61555322,16.64139605,33.72919507
Jaipur,Chalky (Calcareous),7.222491649,1.298815358,40.45547136,19.88781974,39.71024729
Jaipur,Sandy,7.794038338,2.481172585,34.72944078,25.36810972,36.84577225
Kota,Saline,7.351066598,2.384515828,27.36305469,19.97446684,41.99381882
Udaipur,Black lava soil,7.892592541,1.111159519,33.57372825,18.83137971,43.53728855
Ajmer,Alkaline,7.888465846,2.803957531,36.76726824,26.73285831,47.2183516
Jodhpur,Chalky (Calcareous),7.645689492,2.016092544,34.36408542,23.66040476,38.45466882
Udaipur,Sandy,7.702411704,1.982451767,25.73033546,26.45230371,40.27599621
Jaipur,Clay,8.524354129,1.187253865,27.21610614,20.16319418,45.68690549
Jaipur,Saline,7.699734686,2.155236377,24.36368104,14.21529301,41.6125233
Jaipur,Clay,6.817947003,1.734061125,32.50458665,15.08837864,48.02677981
Jodhpur,Clay,8.111968172,1.214290001,25.33814378,8.571113778,36.08704319
Udaipur,Black lava soil,7.883194238,1.793052529,32.30398622,12.38832841,43.98987627
Sri Ganganagar,Alkaline,7.222445386,2.006084841,29.53562749,13.6422574,34.23457834
Kota,Nitrogenous,7.983897235,2.199496079,35.25024521,21.62329118,40.71495317
Jodhpur,Alkaline,6.636994691,1.864816652,29.8630784,29.76553599,43.43478316
Udaipur,Alkaline,8.268030591,2.298768853,26.44348387,20.58562108,41.18111823
Nagaur,Black lava soil,7.030422215,1.807806312,28.97116503,28.02809916,29.59629737
Bhilwara,Saline,8.10290921,1.531602383,23.13960406,25.89971065,43.65949035
Hanumangarh,Chalky (Calcareous),8.127259351,2.400350974,40.29922501,22.79361918,39.21761312
Nagaur,Nitrogenous,7.671463189,2.621734564,26.10312337,16.74055709,38.45519993
Bhilwara,Clay,6.447708601,2.069039204,20.56935648,20.26529656,44.32644878
Udaipur,Nitrogenous,7.26156177,2.838557935,22.6974955,25.95630341,43.37568528
Ajmer,Saline,6.641983376,3.35539715,29.68127357,15.61257989,32.96456403
Sri Ganganagar,Clay,7.389990986,1.936296564,30.51322764,18.51101922,43.16612655
Jodhpur,Loamy,7.306185084,1.032517941,29.25319252,8.162611733,41.76885315
Hanumangarh,Chalky (Calcareous),7.010349885,2.081680177,36.57037491,15.25625652,45.30628129
Ajmer,Saline,7.283305217,2.876597401,28.17423693,15.79753507,43.43619225
Jodhpur,Nitrogenous,7.282105135,1.579275243,27.61080075,19.77696734,46.71090066
Jaipur,Chalky (Calcareous),6.532956127,2.011540329,33.12451797,20.96724287,46.54932585
Jaipur,Chalky (Calcareous),7.462827335,1.907724279,32.96164774,20.49656907,38.04795631
Bhilwara,Black lava soil,7.75807202,1.673735853,26.94411424,17.36002989,46.7653458
Ajmer,Nitrogenous,5.889491822,2.197799417,30.17135907,11.5956477,41.5486339
Jodhpur,Loamy,7.737875996,2.294819616,16.74085968,26.83194706,36.31131648
Ajmer,Loamy,7.843283873,2.37053689,25.61651457,23.30229976,38.0725338
Sri Ganganagar,Nitrogenous,6.46431141,2.583870963,26.12477518,15.72753269,37.98467066
Kota,Saline,7.636118363,1.971364795,32.74033462,13.30255317,36.28806815
Kota,Chalky (Calcareous),7.442001464,2.948943646,29.43093731,25.42611132,40.19277584
Udaipur,Black lava soil,7.258170681,1.876637788,29.15790144,23.01822869,46.87305634
Bhilwara,Chalky (Calcareous),7.679840424,2.593538839,25.17605131,17.92684746,36.37848733
Alwar,Chalky (Calcareous),7.657222295,1.820520807,33.64886469,15.34499144,40.21515487
Jodhpur,Clay,7.843428956,0.9673486125,40.60815654,18.58424058,29.87480043
Alwar,Alkaline,7.579046949,2.016721734,29.5905281,24.95595556,43.73722486
Sri Ganganagar,Saline,7.648938096,2.225077817,29.47820775,28.87745425,32.60401991
Kota,Nitrogenous,7.569825837,2.032512316,34.06640203,15.78073061,31.28163699
Jodhpur,Saline,7.578411508,2.140615246,37.44799705,13.64818977,45.77346883
Ajmer,Sandy,8.683707182,1.811117556,23.5452889,17.96512817,40.07002484
Bhilwara,Alkaline,7.781893938,1.704302635,37.77599267,14.42733842,31.30397424
Sri Ganganagar,Sandy,8.053355212,0.8626894844,28.97935116,35.58840565,39.93978224
Bhilwara,Nitrogenous,6.939616175,1.971301268,29.74599606,20.8032497,43.31131491
Udaipur,Clay,6.980444416,2.843774028,31.22557142,23.63397023,36.859253
Jodhpur,Saline,8.143191068,1.871473796,31.38776257,15.33446961,35.01534187
Udaipur,Black lava soil,7.844102653,1.778196585,25.73088456,16.78408329,43.49476536
Ajmer,Alkaline,7.185481069,1.941172534,30.07513875,10.41325557,32.64436797
Alwar,Black lava soil,7.668138945,1.631485319,35.28362456,24.83403552,43.59584333
Hanumangarh,Loamy,8.409885894,1.958455336,33.24440963,17.07799512,52.26184956
Jaipur,Nitrogenous,8.491816826,2.005940217,31.93293115,26.796488,39.26430248
Sri Ganganagar,Loamy,7.171687965,2.436994876,30.39219623,20.91497225,35.82864328
Jodhpur,Sandy,6.641163926,2.118071205,34.52481021,18.87096625,47.1821476
Alwar,Black lava soil,7.148041837,1.472647773,29.66384846,19.58703712,43.84984366
Ajmer,Clay,7.112518588,2.684047118,39.83458481,19.80427987,46.2485521
Ajmer,Black lava soil,6.971751465,2.537610771,35.23638204,24.3171864,39.92218456
Kota,Clay,6.022875529,1.679136428,26.87041991,15.10872531,40.61121502
Hanumangarh,Nitrogenous,7.290518277,1.587693995,24.70599926,16.42243507,45.60749606
Hanumangarh,Black lava soil,7.169487473,1.742530647,27.71651192,21.69496757,42.28124744
Jodhpur,Sandy,5.97767173,2.510817607,37.18184017,14.74906731,35.13850878
Ajmer,Saline,7.274873306,1.62199799,31.11963437,10.26737357,34.41036196
Ajmer,Saline,8.2695986,1.535890016,36.21714139,21.77669098,30.95366143
Jaipur,Sandy,7.817664598,1.941166349,27.72266472,21.22478547,42.37316743
Nagaur,Clay,7.853795911,2.589126424,32.04067956,13.12182956,37.63177271
Ajmer,Saline,8.971524168,2.36224553,41.8464365,26.97717041,41.20901036
Hanumangarh,Saline,7.650703535,1.98170998,21.31097692,20.09023626,46.05337276
Sri Ganganagar,Chalky (Calcareous),7.200180003,2.2059765,34.25795523,15.4515978,37.74348568
Nagaur,Black lava soil,6.991044255,1.588917197,23.56197358,15.49775769,47.0972784
Alwar,Black lava soil,7.042261485,2.06322961,27.48565623,25.89432969,46.55581148
Jodhpur,Chalky (Calcareous),7.932034991,2.153067277,28.84470232,14.04062648,49.71764441
Sri Ganganagar,Nitrogenous,7.120163491,2.331823174,35.29782786,17.22359752,45.19006264
Ajmer,Alkaline,7.882106602,2.863981918,27.65326767,13.57067991,37.47255122
Ajmer,Loamy,7.604426771,2.029106364,28.03281052,10.45401271,42.35241498
Sri Ganganagar,Clay,8.48617224,2.232125619,33.0456776,22.86222653,41.98523335
Jaipur,Saline,7.965832983,2.197686841,28.43661415,16.02005545,38.75513172
Kota,Nitrogenous,7.657064748,1.841958519,31.57169342,22.19575067,44.16589716
Sri Ganganagar,Chalky (Calcareous),8.141397484,2.039003709,23.46111717,18.27447952,40.22031284
Kota,Loamy,6.582115622,2.69433226,30.71188956,21.90676417,46.82763231
Jodhpur,Alkaline,7.184928585,2.287020965,29.45067938,19.07956566,36.13903806
Kota,Loamy,8.332801607,1.81224998,33.49732123,10.62496306,45.89994265
Bhilwara,Alkaline,8.026105578,2.048717055,28.86528767,22.00000003,51.4439533
Jaipur,Nitrogenous,6.618381651,2.391013694,25.44191349,19.90040802,38.7605994
Alwar,Loamy,7.285840871,1.994767435,24.32914427,25.14590218,31.02928244
Jaipur,Alkaline,7.769882256,1.836732074,24.14537553,21.01191685,32.21524457
Sri Ganganagar,Saline,7.519856911,1.288561546,32.30636042,15.37821333,37.74502991
Kota,Sandy,7.646974694,1.613728944,29.71018,12.43084749,43.15437802
Nagaur,Loamy,8.382456903,3.396104434,30.45584073,23.9410207,31.09687164
Bhilwara,Sandy,8.251367163,2.388114252,27.58033278,26.185904,38.72761962
Bhilwara,Chalky (Calcareous),7.270987408,2.237667463,24.6832275,25.10812382,34.72005094
Bhilwara,Saline,6.974972605,1.545155106,33.79750019,16.91612319,33.26002108
Jaipur,Sandy,7.19716,1.983978815,24.09513758,14.24159445,50.55648167
Nagaur,Clay,7.069717298,1.838478816,28.163815,17.89321596,43.1067337
Ajmer,Alkaline,7.974071475,1.847022784,23.81760857,26.37220114,39.52329454
Kota,Saline,8.365160907,0.8772070512,30.97701611,29.59303167,38.23367932
Jodhpur,Clay,7.387253288,2.147755846,27.20602091,18.43964034,38.31092453
Udaipur,Nitrogenous,7.186289633,2.614428275,32.30539016,21.25314116,44.04285503
Bhilwara,Loamy,7.367822083,1.612898091,26.98687848,20.00891521,34.70394146
Hanumangarh,Clay,7.249869492,1.741941679,40.62278115,6.1309253,39.10190139
Bhilwara,Clay,8.362846896,2.060922232,33.76708737,20.49913158,36.66333309
Udaipur,Nitrogenous,6.379042033,2.102727844,26.12196698,15.99832297,37.50506372
Jaipur,Loamy,8.372430703,3.202418771,31.08603969,17.67616388,34.11386791
Sri Ganganagar,Loamy,7.734270081,2.8914528,28.76329806,8.105019796,43.35024836
Hanumangarh,Nitrogenous,7.992699856,1.20707718,30.88242092,22.25613008,39.63446349
Jodhpur,Clay,7.10461454,2.507968612,27.98310127,12.57406919,29.75262757
Hanumangarh,Sandy,8.13042476,2.308331988,30.43986774,17.79862682,37.35500793
Kota,Black lava soil,6.962131676,1.784272178,19.39956392,16.31968173,38.44531242
Ajmer,Alkaline,7.804940024,1.980036768,33.97461557,26.74567553,45.29085047
Udaipur,Nitrogenous,7.735254924,2.00593134,25.09605996,23.69972026,48.39873691
Jaipur,Chalky (Calcareous),7.67105302,2.958629574,22.37214146,14.22918308,44.27600754
Nagaur,Black lava soil,7.632145105,2.656891088,29.9226418,15.66012289,38.93203379
Udaipur,Chalky (Calcareous),6.733658015,1.435704663,34.86221999,24.36393707,41.81502142
Jodhpur,Chalky (Calcareous),6.63946124,1.820798212,23.87500056,25.88266627,37.08138933
Alwar,Saline,6.957126145,2.014898083,26.79922772,27.41871955,36.32594551
Sri Ganganagar,Nitrogenous,6.80038587,0.9235432421,29.84606749,17.19034943,32.85547697
Hanumangarh,Alkaline,8.094613231,2.333622574,29.85891061,26.82163122,43.31268017
Sri Ganganagar,Loamy,7.088572049,1.480389918,34.08990772,21.98183478,40.84873884
Udaipur,Black lava soil,7.076751099,2.303973784,26.22250558,19.49006673,47.23472073
Nagaur,Black lava soil,7.169582882,1.213505371,24.73726404,24.97149413,41.27365569
Sri Ganganagar,Clay,7.435561311,1.745453097,32.42679954,15.75447575,41.52832784
Ajmer,Sandy,7.134372716,1.551170307,26.81256283,18.12296277,39.75585082
Nagaur,Loamy,7.617727898,0.1558173543,25.96174721,18.04215011,47.52531019
Nagaur,Saline,6.959998696,2.081398309,37.47515155,13.43515735,41.96987613
Alwar,Nitrogenous,7.098864083,1.747683129,25.98444583,16.34071346,53.60956074
Nagaur,Loamy,7.922227936,2.550868931,32.45996743,11.96871606,41.97478985
Sri Ganganagar,Saline,8.036464807,1.573300263,34.82663334,23.52168105,49.26020022
Jaipur,Nitrogenous,7.291108494,1.451194509,28.19185945,27.17785497,30.8579706
Kota,Nitrogenous,6.465812142,2.044697639,27.78705354,20.03863947,44.72655886
Kota,Clay,7.223715327,1.063497085,40.22240779,15.01385856,34.70481439
Nagaur,Alkaline,8.051860007,1.807755439,29.68305074,22.41395062,45.41791552
Sri Ganganagar,Nitrogenous,7.333269653,2.759976003,19.32100076,23.79893618,35.80236221
Sri Ganganagar,Saline,8.186135658,2.071022239,26.63547334,23.31420547,44.46594174
Sri Ganganagar,Sandy,7.820947061,1.48515188,27.57991438,19.97963581,39.79370174
Bhilwara,Sandy,7.874872738,0.9925493837,31.67163527,18.55009323,35.80749692
Ajmer,Clay,7.128756611,1.892731168,11.99457448,16.49355215,35.62092588
Nagaur,Saline,7.766391605,1.597236659,28.924431,27.71138314,44.9717576
Jaipur,Nitrogenous,7.9511357,1.750063785,32.7151614,18.830511,39.01953395
Sri Ganganagar,Sandy,7.704842672,1.701503206,37.46501552,19.1993493,43.09180283
Alwar,Loamy,8.22780024,2.515826887,22.95540449,22.22447948,44.25359697
Jaipur,Sandy,7.945931511,1.443352583,26.71482381,24.97279118,36.19119815
Sri Ganganagar,Alkaline,7.350151972,2.787937905,29.76100375,16.36612931,35.61191322
Udaipur,Clay,7.666359665,1.333425996,28.76332018,21.66615267,46.4957491
Hanumangarh,Alkaline,7.83377404,1.642967441,35.89209659,18.50242481,33.82148489
Jodhpur,Clay,7.41397932,2.719084601,30.82620025,20.06260932,48.18605822
Kota,Chalky (Calcareous),6.784322576,1.357200443,21.92076765,21.86324093,40.83246564
Alwar,Saline,8.271368184,2.121737539,27.9792142,20.00897436,40.58853709
Sri Ganganagar,Chalky (Calcareous),6.664119363,3.355165822,32.59935509,21.05004154,43.07581992
Jaipur,Nitrogenous,7.85470549,1.929723257,26.84379432,22.99725343,41.9285542
Udaipur,Chalky (Calcareous),7.09505495,2.709517806,31.46676018,23.64909681,46.95960444
Alwar,Black lava soil,7.510944411,2.158476003,34.05013619,16.37569458,40.27025831
Alwar,Saline,7.562774293,1.521970724,41.58818394,12.96353278,33.50948048
Sri Ganganagar,Clay,8.157113288,2.356633125,24.87017591,23.03644508,47.33925222
Nagaur,Clay,7.484868471,3.29941145,21.37969095,23.46911727,45.83264168
Kota,Black lava soil,7.945671951,1.897822137,28.54779259,22.22072586,44.07877243
Udaipur,Alkaline,7.801236718,2.520028945,24.90565021,18.8611451,35.29992034
Ajmer,Clay,7.306943612,2.507610446,30.5399196,33.03429582,40.96703184
Kota,Black lava soil,7.52984594,2.05309146,26.81095654,19.71081694,45.63894014
Hanumangarh,Chalky (Calcareous),7.556985334,1.603270135,25.3745769,17.74899054,40.36931717
Sri Ganganagar,Clay,8.096793268,1.329755679,28.40086861,20.7215501,30.83147116
Jodhpur,Clay,7.083200859,1.66005573,26.02014813,20.95944773,39.19720195
Nagaur,Nitrogenous,7.222356949,2.213981313,38.61537359,28.19628258,30.38614114
Hanumangarh,Alkaline,7.788536092,1.910988355,30.77577671,18.00858483,40.58794315
Alwar,Black lava soil,7.575703698,1.710524121,25.51816226,17.75652159,41.17129632
Jodhpur,Alkaline,7.799498171,2.426674489,27.52904988,21.41922284,44.81251296
Hanumangarh,Nitrogenous,8.082797448,1.970583573,28.89534138,20.95562117,34.25146264
Udaipur,Loamy,7.403195244,2.372293199,33.20973565,18.64866198,41.08859101
Bhilwara,Loamy,7.08767483,2.351746074,29.61089282,18.62024274,38.19138082
Alwar,Nitrogenous,7.468553067,1.776061178,33.29071518,18.02358226,47.96482048
Alwar,Black lava soil,8.232605252,1.554228255,30.34852135,16.74671689,38.36676218
Bhilwara,Sandy,8.501213734,1.846214291,31.80113019,22.70660647,34.99685314
Hanumangarh,Sandy,7.072452263,1.396988814,25.57014633,5.749849453,42.722912
Alwar,Saline,8.527096921,2.07391037,22.9186557,16.78611809,37.70561577
Kota,Clay,6.991207611,2.430091319,34.05130022,14.22274103,43.62540522
Ajmer,Loamy,8.263406332,2.951279103,44.32606012,15.49003675,54.12110213
Kota,Clay,7.322896806,1.703767272,31.63536187,17.08969333,41.9952207
Jaipur,Black lava soil,6.839961406,1.880623699,36.42791117,19.71469354,40.70797893
Kota,Black lava soil,7.737629302,2.585330815,21.72387644,22.92262026,38.6593043
Jaipur,Nitrogenous,7.583318948,2.529975085,24.02906674,14.93677779,30.3228502
Hanumangarh,Nitrogenous,7.225420529,2.665216172,29.39706406,13.29937552,37.57160628
Jaipur,Saline,6.756069148,1.437406949,31.94409455,14.13063337,45.56317153
Jaipur,Clay,7.464439855,2.042797352,28.60813516,23.86423919,43.91579944
Jodhpur,Loamy,7.667527176,2.282394553,28.93955165,22.71101503,38.31061112
Nagaur,Saline,7.501115811,1.862678125,27.7139073,16.55444101,42.33845052
Sri Ganganagar,Nitrogenous,8.155302956,2.585550986,23.71717332,26.44601526,38.40920749
Udaipur,Sandy,7.800366508,1.546892334,30.70989957,21.56861591,32.57697604
Jodhpur,Sandy,7.804133583,2.672967504,29.12676027,26.80084065,39.05153253
Ajmer,Alkaline,7.924792266,0.890715017,42.0938889,27.47729123,38.57687248
Hanumangarh,Nitrogenous,6.513955487,2.144014184,22.78037226,22.22426769,42.0578286
Kota,Chalky (Calcareous),7.029298415,2.560483512,34.02787351,24.87911669,40.04428852
Kota,Clay,6.792237967,2.488936136,28.648143,13.05109928,46.76019683
Sri Ganganagar,Sandy,8.54970376,1.979375936,40.79560577,20.45657364,38.09772048
Bhilwara,Chalky (Calcareous),7.184770773,2.818541204,26.09928059,23.67634655,37.20418082
Jodhpur,Saline,7.269846619,2.515124847,28.09981577,17.9760231,45.66402349
Jaipur,Alkaline,8.298698647,2.322344902,26.72615112,17.4469575,40.39957632
Nagaur,Saline,7.660465031,1.506067045,33.6151897,20.42756665,31.42145841
Hanumangarh,Saline,7.035536759,1.747935663,29.63571156,29.44639398,41.19085653
Ajmer,Chalky (Calcareous),7.079614055,2.110315402,28.23956126,21.6237912,42.90283844
Jodhpur,Nitrogenous,8.104615324,1.987856752,38.19480264,24.54011331,36.46280228
Jaipur,Nitrogenous,8.604927833,2.163497257,25.82437748,28.26456526,50.38888793